"Country or Area","Commodity - Transaction","Year","Unit","Quantity","Quantity Footnotes"
"Argentina","Electricity - total nuclear production","2021","Kilowatt-hours, million","10830.7",""
"Argentina","Electricity - total nuclear production","2020","Kilowatt-hours, million","10706.824",""
"Argentina","Electricity - total nuclear production","2019","Kilowatt-hours, million","7927",""
"Argentina","Electricity - total nuclear production","2018","Kilowatt-hours, million","6453",""
"Argentina","Electricity - total nuclear production","2017","Kilowatt-hours, million","6088",""
"Argentina","Electricity - total nuclear production","2016","Kilowatt-hours, million","8285","1"
"Argentina","Electricity - total nuclear production","2015","Kilowatt-hours, million","7139",""
"Argentina","Electricity - total nuclear production","2014","Kilowatt-hours, million","5756",""
"Argentina","Electricity - total nuclear production","2013","Kilowatt-hours, million","6207",""
"Argentina","Electricity - total nuclear production","2012","Kilowatt-hours, million","6395",""
"Argentina","Electricity - total nuclear production","2011","Kilowatt-hours, million","6371",""
"Argentina","Electricity - total nuclear production","2010","Kilowatt-hours, million","7171",""
"Argentina","Electricity - total nuclear production","2009","Kilowatt-hours, million","8161",""
"Argentina","Electricity - total nuclear production","2008","Kilowatt-hours, million","7330",""
"Argentina","Electricity - total nuclear production","2007","Kilowatt-hours, million","7217",""
"Argentina","Electricity - total nuclear production","2006","Kilowatt-hours, million","7691",""
"Argentina","Electricity - total nuclear production","2005","Kilowatt-hours, million","6873",""
"Argentina","Electricity - total nuclear production","2004","Kilowatt-hours, million","7869",""
"Argentina","Electricity - total nuclear production","2003","Kilowatt-hours, million","7566",""
"Argentina","Electricity - total nuclear production","2002","Kilowatt-hours, million","5821",""
"Argentina","Electricity - total nuclear production","2001","Kilowatt-hours, million","7059",""
"Argentina","Electricity - total nuclear production","2000","Kilowatt-hours, million","6177",""
"Argentina","Electricity - total nuclear production","1999","Kilowatt-hours, million","7106",""
"Argentina","Electricity - total nuclear production","1998","Kilowatt-hours, million","7453",""
"Argentina","Electricity - total nuclear production","1997","Kilowatt-hours, million","7961",""
"Argentina","Electricity - total nuclear production","1996","Kilowatt-hours, million","7459",""
"Argentina","Electricity - total nuclear production","1995","Kilowatt-hours, million","7066",""
"Argentina","Electricity - total nuclear production","1994","Kilowatt-hours, million","8235",""
"Argentina","Electricity - total nuclear production","1993","Kilowatt-hours, million","7750",""
"Argentina","Electricity - total nuclear production","1992","Kilowatt-hours, million","7081",""
"Argentina","Electricity - total nuclear production","1991","Kilowatt-hours, million","7771",""
"Argentina","Electricity - total nuclear production","1990","Kilowatt-hours, million","7281",""
"Armenia","Electricity - total nuclear production","2020","Kilowatt-hours, million","2756.337",""
"Armenia","Electricity - total nuclear production","2019","Kilowatt-hours, million","2197.8",""
"Armenia","Electricity - total nuclear production","2018","Kilowatt-hours, million","2076.079",""
"Armenia","Electricity - total nuclear production","2017","Kilowatt-hours, million","2619.6",""
"Armenia","Electricity - total nuclear production","2016","Kilowatt-hours, million","2381",""
"Armenia","Electricity - total nuclear production","2015","Kilowatt-hours, million","2788",""
"Armenia","Electricity - total nuclear production","2014","Kilowatt-hours, million","2465",""
"Armenia","Electricity - total nuclear production","2013","Kilowatt-hours, million","2360",""
"Armenia","Electricity - total nuclear production","2012","Kilowatt-hours, million","2322",""
"Armenia","Electricity - total nuclear production","2011","Kilowatt-hours, million","2548",""
"Armenia","Electricity - total nuclear production","2010","Kilowatt-hours, million","2490",""
"Armenia","Electricity - total nuclear production","2009","Kilowatt-hours, million","2494",""
"Armenia","Electricity - total nuclear production","2008","Kilowatt-hours, million","2461",""
"Armenia","Electricity - total nuclear production","2007","Kilowatt-hours, million","2553",""
"Armenia","Electricity - total nuclear production","2006","Kilowatt-hours, million","2640",""
"Armenia","Electricity - total nuclear production","2005","Kilowatt-hours, million","2716",""
"Armenia","Electricity - total nuclear production","2004","Kilowatt-hours, million","2403",""
"Armenia","Electricity - total nuclear production","2003","Kilowatt-hours, million","1998",""
"Armenia","Electricity - total nuclear production","2002","Kilowatt-hours, million","2282",""
"Armenia","Electricity - total nuclear production","2001","Kilowatt-hours, million","1987",""
"Armenia","Electricity - total nuclear production","2000","Kilowatt-hours, million","2005",""
"Armenia","Electricity - total nuclear production","1999","Kilowatt-hours, million","2078",""
"Armenia","Electricity - total nuclear production","1998","Kilowatt-hours, million","1589",""
"Armenia","Electricity - total nuclear production","1997","Kilowatt-hours, million","1600",""
"Armenia","Electricity - total nuclear production","1996","Kilowatt-hours, million","2324",""
"Armenia","Electricity - total nuclear production","1995","Kilowatt-hours, million","304",""
"Belarus","Electricity - total nuclear production","2020","Kilowatt-hours, million","338",""
"Belgium","Electricity - total nuclear production","2020","Kilowatt-hours, million","34434.7",""
"Belgium","Electricity - total nuclear production","2019","Kilowatt-hours, million","43523.6",""
"Belgium","Electricity - total nuclear production","2018","Kilowatt-hours, million","28597",""
"Belgium","Electricity - total nuclear production","2017","Kilowatt-hours, million","42226.8",""
"Belgium","Electricity - total nuclear production","2016","Kilowatt-hours, million","43523",""
"Belgium","Electricity - total nuclear production","2015","Kilowatt-hours, million","26103",""
"Belgium","Electricity - total nuclear production","2014","Kilowatt-hours, million","33703",""
"Belgium","Electricity - total nuclear production","2013","Kilowatt-hours, million","42644",""
"Belgium","Electricity - total nuclear production","2012","Kilowatt-hours, million","40295",""
"Belgium","Electricity - total nuclear production","2011","Kilowatt-hours, million","48234",""
"Belgium","Electricity - total nuclear production","2010","Kilowatt-hours, million","47944",""
"Belgium","Electricity - total nuclear production","2009","Kilowatt-hours, million","47222",""
"Belgium","Electricity - total nuclear production","2008","Kilowatt-hours, million","45568",""
"Belgium","Electricity - total nuclear production","2007","Kilowatt-hours, million","48227",""
"Belgium","Electricity - total nuclear production","2006","Kilowatt-hours, million","46645",""
"Belgium","Electricity - total nuclear production","2005","Kilowatt-hours, million","47595",""
"Belgium","Electricity - total nuclear production","2004","Kilowatt-hours, million","47312",""
"Belgium","Electricity - total nuclear production","2003","Kilowatt-hours, million","47379",""
"Belgium","Electricity - total nuclear production","2002","Kilowatt-hours, million","47360",""
"Belgium","Electricity - total nuclear production","2001","Kilowatt-hours, million","46349",""
"Belgium","Electricity - total nuclear production","2000","Kilowatt-hours, million","48157",""
"Belgium","Electricity - total nuclear production","1999","Kilowatt-hours, million","49017",""
"Belgium","Electricity - total nuclear production","1998","Kilowatt-hours, million","46165",""
"Belgium","Electricity - total nuclear production","1997","Kilowatt-hours, million","47408",""
"Belgium","Electricity - total nuclear production","1996","Kilowatt-hours, million","43336",""
"Belgium","Electricity - total nuclear production","1995","Kilowatt-hours, million","41356",""
"Belgium","Electricity - total nuclear production","1994","Kilowatt-hours, million","40624",""
"Belgium","Electricity - total nuclear production","1993","Kilowatt-hours, million","41927",""
"Belgium","Electricity - total nuclear production","1992","Kilowatt-hours, million","43456",""
"Belgium","Electricity - total nuclear production","1991","Kilowatt-hours, million","42861",""
"Belgium","Electricity - total nuclear production","1990","Kilowatt-hours, million","42722",""
"Brazil","Electricity - total nuclear production","2020","Kilowatt-hours, million","14053",""
"Brazil","Electricity - total nuclear production","2019","Kilowatt-hours, million","16129",""
"Brazil","Electricity - total nuclear production","2018","Kilowatt-hours, million","15674",""
"Brazil","Electricity - total nuclear production","2017","Kilowatt-hours, million","15739",""
"Brazil","Electricity - total nuclear production","2016","Kilowatt-hours, million","15864",""
"Brazil","Electricity - total nuclear production","2015","Kilowatt-hours, million","14734",""
"Brazil","Electricity - total nuclear production","2014","Kilowatt-hours, million","15378",""
"Brazil","Electricity - total nuclear production","2013","Kilowatt-hours, million","15450",""
"Brazil","Electricity - total nuclear production","2012","Kilowatt-hours, million","16038",""
"Brazil","Electricity - total nuclear production","2011","Kilowatt-hours, million","15659",""
"Brazil","Electricity - total nuclear production","2010","Kilowatt-hours, million","14523",""
"Brazil","Electricity - total nuclear production","2009","Kilowatt-hours, million","12957",""
"Brazil","Electricity - total nuclear production","2008","Kilowatt-hours, million","13969",""
"Brazil","Electricity - total nuclear production","2007","Kilowatt-hours, million","12350",""
"Brazil","Electricity - total nuclear production","2006","Kilowatt-hours, million","13754",""
"Brazil","Electricity - total nuclear production","2005","Kilowatt-hours, million","9855",""
"Brazil","Electricity - total nuclear production","2004","Kilowatt-hours, million","11611",""
"Brazil","Electricity - total nuclear production","2003","Kilowatt-hours, million","13358",""
"Brazil","Electricity - total nuclear production","2002","Kilowatt-hours, million","13836",""
"Brazil","Electricity - total nuclear production","2001","Kilowatt-hours, million","14279",""
"Brazil","Electricity - total nuclear production","2000","Kilowatt-hours, million","6046",""
"Brazil","Electricity - total nuclear production","1999","Kilowatt-hours, million","3977",""
"Brazil","Electricity - total nuclear production","1998","Kilowatt-hours, million","3265",""
"Brazil","Electricity - total nuclear production","1997","Kilowatt-hours, million","3169",""
"Brazil","Electricity - total nuclear production","1996","Kilowatt-hours, million","2429",""
"Brazil","Electricity - total nuclear production","1995","Kilowatt-hours, million","2519",""
"Brazil","Electricity - total nuclear production","1994","Kilowatt-hours, million","1800","1"
"Brazil","Electricity - total nuclear production","1993","Kilowatt-hours, million","1800","1"
"Brazil","Electricity - total nuclear production","1992","Kilowatt-hours, million","1760",""
"Brazil","Electricity - total nuclear production","1991","Kilowatt-hours, million","1442",""
"Brazil","Electricity - total nuclear production","1990","Kilowatt-hours, million","2237",""
"Bulgaria","Electricity - total nuclear production","2020","Kilowatt-hours, million","16625.765",""
"Bulgaria","Electricity - total nuclear production","2019","Kilowatt-hours, million","16555.288",""
"Bulgaria","Electricity - total nuclear production","2018","Kilowatt-hours, million","16125.281",""
"Bulgaria","Electricity - total nuclear production","2017","Kilowatt-hours, million","15545.499",""
"Bulgaria","Electricity - total nuclear production","2016","Kilowatt-hours, million","15776",""
"Bulgaria","Electricity - total nuclear production","2015","Kilowatt-hours, million","15383",""
"Bulgaria","Electricity - total nuclear production","2014","Kilowatt-hours, million","15867",""
"Bulgaria","Electricity - total nuclear production","2013","Kilowatt-hours, million","14171",""
"Bulgaria","Electricity - total nuclear production","2012","Kilowatt-hours, million","15785",""
"Bulgaria","Electricity - total nuclear production","2011","Kilowatt-hours, million","16314",""
"Bulgaria","Electricity - total nuclear production","2010","Kilowatt-hours, million","15249",""
"Bulgaria","Electricity - total nuclear production","2009","Kilowatt-hours, million","15256",""
"Bulgaria","Electricity - total nuclear production","2008","Kilowatt-hours, million","15765",""
"Bulgaria","Electricity - total nuclear production","2007","Kilowatt-hours, million","14643",""
"Bulgaria","Electricity - total nuclear production","2006","Kilowatt-hours, million","19493",""
"Bulgaria","Electricity - total nuclear production","2005","Kilowatt-hours, million","18653",""
"Bulgaria","Electricity - total nuclear production","2004","Kilowatt-hours, million","16815",""
"Bulgaria","Electricity - total nuclear production","2003","Kilowatt-hours, million","17280",""
"Bulgaria","Electricity - total nuclear production","2002","Kilowatt-hours, million","20222",""
"Bulgaria","Electricity - total nuclear production","2001","Kilowatt-hours, million","19553",""
"Bulgaria","Electricity - total nuclear production","2000","Kilowatt-hours, million","18178",""
"Bulgaria","Electricity - total nuclear production","1999","Kilowatt-hours, million","15814",""
"Bulgaria","Electricity - total nuclear production","1998","Kilowatt-hours, million","16899",""
"Bulgaria","Electricity - total nuclear production","1997","Kilowatt-hours, million","17751",""
"Bulgaria","Electricity - total nuclear production","1996","Kilowatt-hours, million","18082",""
"Bulgaria","Electricity - total nuclear production","1995","Kilowatt-hours, million","17261",""
"Bulgaria","Electricity - total nuclear production","1994","Kilowatt-hours, million","15335",""
"Bulgaria","Electricity - total nuclear production","1993","Kilowatt-hours, million","13973",""
"Bulgaria","Electricity - total nuclear production","1992","Kilowatt-hours, million","11552",""
"Bulgaria","Electricity - total nuclear production","1991","Kilowatt-hours, million","13184",""
"Bulgaria","Electricity - total nuclear production","1990","Kilowatt-hours, million","14665",""
"Canada","Electricity - total nuclear production","2020","Kilowatt-hours, million","98195",""
"Canada","Electricity - total nuclear production","2019","Kilowatt-hours, million","101197",""
"Canada","Electricity - total nuclear production","2018","Kilowatt-hours, million","100731",""
"Canada","Electricity - total nuclear production","2017","Kilowatt-hours, million","101299",""
"Canada","Electricity - total nuclear production","2016","Kilowatt-hours, million","101429",""
"Canada","Electricity - total nuclear production","2015","Kilowatt-hours, million","101809",""
"Canada","Electricity - total nuclear production","2014","Kilowatt-hours, million","107280",""
"Canada","Electricity - total nuclear production","2013","Kilowatt-hours, million","103439",""
"Canada","Electricity - total nuclear production","2012","Kilowatt-hours, million","94862",""
"Canada","Electricity - total nuclear production","2011","Kilowatt-hours, million","93589",""
"Canada","Electricity - total nuclear production","2010","Kilowatt-hours, million","90658",""
"Canada","Electricity - total nuclear production","2009","Kilowatt-hours, million","90091",""
"Canada","Electricity - total nuclear production","2008","Kilowatt-hours, million","96020",""
"Canada","Electricity - total nuclear production","2007","Kilowatt-hours, million","93482",""
"Canada","Electricity - total nuclear production","2006","Kilowatt-hours, million","97964",""
"Canada","Electricity - total nuclear production","2005","Kilowatt-hours, million","92040",""
"Canada","Electricity - total nuclear production","2004","Kilowatt-hours, million","90387",""
"Canada","Electricity - total nuclear production","2003","Kilowatt-hours, million","74892",""
"Canada","Electricity - total nuclear production","2002","Kilowatt-hours, million","75526",""
"Canada","Electricity - total nuclear production","2001","Kilowatt-hours, million","76695",""
"Canada","Electricity - total nuclear production","2000","Kilowatt-hours, million","72799",""
"Canada","Electricity - total nuclear production","1999","Kilowatt-hours, million","73491",""
"Canada","Electricity - total nuclear production","1998","Kilowatt-hours, million","71511",""
"Canada","Electricity - total nuclear production","1997","Kilowatt-hours, million","82528",""
"Canada","Electricity - total nuclear production","1996","Kilowatt-hours, million","92767",""
"Canada","Electricity - total nuclear production","1995","Kilowatt-hours, million","97844",""
"Canada","Electricity - total nuclear production","1994","Kilowatt-hours, million","107834",""
"Canada","Electricity - total nuclear production","1993","Kilowatt-hours, million","93937",""
"Canada","Electricity - total nuclear production","1992","Kilowatt-hours, million","80582",""
"Canada","Electricity - total nuclear production","1991","Kilowatt-hours, million","84930",""
"Canada","Electricity - total nuclear production","1990","Kilowatt-hours, million","72967",""
"China","Electricity - total nuclear production","2020","Kilowatt-hours, million","366250",""
"China","Electricity - total nuclear production","2019","Kilowatt-hours, million","348350",""
"China","Electricity - total nuclear production","2018","Kilowatt-hours, million","294359",""
"China","Electricity - total nuclear production","2017","Kilowatt-hours, million","248100",""
"China","Electricity - total nuclear production","2016","Kilowatt-hours, million","213287",""
"China","Electricity - total nuclear production","2015","Kilowatt-hours, million","170789",""
"China","Electricity - total nuclear production","2014","Kilowatt-hours, million","132538",""
"China","Electricity - total nuclear production","2013","Kilowatt-hours, million","111613",""
"China","Electricity - total nuclear production","2012","Kilowatt-hours, million","97394",""
"China","Electricity - total nuclear production","2011","Kilowatt-hours, million","86350",""
"China","Electricity - total nuclear production","2010","Kilowatt-hours, million","73880",""
"China","Electricity - total nuclear production","2009","Kilowatt-hours, million","70134",""
"China","Electricity - total nuclear production","2008","Kilowatt-hours, million","68394",""
"China","Electricity - total nuclear production","2007","Kilowatt-hours, million","62130",""
"China","Electricity - total nuclear production","2006","Kilowatt-hours, million","54843",""
"China","Electricity - total nuclear production","2005","Kilowatt-hours, million","53088",""
"China","Electricity - total nuclear production","2004","Kilowatt-hours, million","50469",""
"China","Electricity - total nuclear production","2003","Kilowatt-hours, million","43342",""
"China","Electricity - total nuclear production","2002","Kilowatt-hours, million","25127",""
"China","Electricity - total nuclear production","2001","Kilowatt-hours, million","17472",""
"China","Electricity - total nuclear production","2000","Kilowatt-hours, million","16737",""
"China","Electricity - total nuclear production","1999","Kilowatt-hours, million","14950",""
"China","Electricity - total nuclear production","1998","Kilowatt-hours, million","14100",""
"China","Electricity - total nuclear production","1997","Kilowatt-hours, million","14418",""
"China","Electricity - total nuclear production","1996","Kilowatt-hours, million","14300",""
"China","Electricity - total nuclear production","1995","Kilowatt-hours, million","12833",""
"China","Electricity - total nuclear production","1994","Kilowatt-hours, million","14043",""
"China","Electricity - total nuclear production","1993","Kilowatt-hours, million","2500",""
"China","Electricity - total nuclear production","1992","Kilowatt-hours, million","500",""
"Czechia","Electricity - total nuclear production","2020","Kilowatt-hours, million","30043.28",""
"Czechia","Electricity - total nuclear production","2019","Kilowatt-hours, million","30246.209",""
"Czechia","Electricity - total nuclear production","2018","Kilowatt-hours, million","29921.311",""
"Czechia","Electricity - total nuclear production","2017","Kilowatt-hours, million","28339.6",""
"Czechia","Electricity - total nuclear production","2016","Kilowatt-hours, million","24104",""
"Czechia","Electricity - total nuclear production","2015","Kilowatt-hours, million","26841",""
"Czechia","Electricity - total nuclear production","2014","Kilowatt-hours, million","30325",""
"Czechia","Electricity - total nuclear production","2013","Kilowatt-hours, million","30745",""
"Czechia","Electricity - total nuclear production","2012","Kilowatt-hours, million","30324",""
"Czechia","Electricity - total nuclear production","2011","Kilowatt-hours, million","28283",""
"Czechia","Electricity - total nuclear production","2010","Kilowatt-hours, million","27998",""
"Czechia","Electricity - total nuclear production","2009","Kilowatt-hours, million","27208",""
"Czechia","Electricity - total nuclear production","2008","Kilowatt-hours, million","26551",""
"Czechia","Electricity - total nuclear production","2007","Kilowatt-hours, million","26172",""
"Czechia","Electricity - total nuclear production","2006","Kilowatt-hours, million","26046",""
"Czechia","Electricity - total nuclear production","2005","Kilowatt-hours, million","24728",""
"Czechia","Electricity - total nuclear production","2004","Kilowatt-hours, million","26325",""
"Czechia","Electricity - total nuclear production","2003","Kilowatt-hours, million","25872",""
"Czechia","Electricity - total nuclear production","2002","Kilowatt-hours, million","18738",""
"Czechia","Electricity - total nuclear production","2001","Kilowatt-hours, million","14749",""
"Czechia","Electricity - total nuclear production","2000","Kilowatt-hours, million","13590",""
"Czechia","Electricity - total nuclear production","1999","Kilowatt-hours, million","13357",""
"Czechia","Electricity - total nuclear production","1998","Kilowatt-hours, million","13178",""
"Czechia","Electricity - total nuclear production","1997","Kilowatt-hours, million","12494",""
"Czechia","Electricity - total nuclear production","1996","Kilowatt-hours, million","12850",""
"Czechia","Electricity - total nuclear production","1995","Kilowatt-hours, million","12230",""
"Czechia","Electricity - total nuclear production","1994","Kilowatt-hours, million","12977",""
"Czechia","Electricity - total nuclear production","1993","Kilowatt-hours, million","12627",""
"Czechia","Electricity - total nuclear production","1992","Kilowatt-hours, million","12250",""
"Czechoslovakia (former)","Electricity - total nuclear production","1991","Kilowatt-hours, million","23821",""
"Czechoslovakia (former)","Electricity - total nuclear production","1990","Kilowatt-hours, million","24620",""
"Finland","Electricity - total nuclear production","2020","Kilowatt-hours, million","23291",""
"Finland","Electricity - total nuclear production","2019","Kilowatt-hours, million","23870",""
"Finland","Electricity - total nuclear production","2018","Kilowatt-hours, million","22793",""
"Finland","Electricity - total nuclear production","2017","Kilowatt-hours, million","22477",""
"Finland","Electricity - total nuclear production","2016","Kilowatt-hours, million","23203",""
"Finland","Electricity - total nuclear production","2015","Kilowatt-hours, million","23245",""
"Finland","Electricity - total nuclear production","2014","Kilowatt-hours, million","23580",""
"Finland","Electricity - total nuclear production","2013","Kilowatt-hours, million","23606",""
"Finland","Electricity - total nuclear production","2012","Kilowatt-hours, million","22987",""
"Finland","Electricity - total nuclear production","2011","Kilowatt-hours, million","23187",""
"Finland","Electricity - total nuclear production","2010","Kilowatt-hours, million","22800",""
"Finland","Electricity - total nuclear production","2009","Kilowatt-hours, million","23526",""
"Finland","Electricity - total nuclear production","2008","Kilowatt-hours, million","22958",""
"Finland","Electricity - total nuclear production","2007","Kilowatt-hours, million","23423",""
"Finland","Electricity - total nuclear production","2006","Kilowatt-hours, million","22906",""
"Finland","Electricity - total nuclear production","2005","Kilowatt-hours, million","23271",""
"Finland","Electricity - total nuclear production","2004","Kilowatt-hours, million","22716",""
"Finland","Electricity - total nuclear production","2003","Kilowatt-hours, million","22731",""
"Finland","Electricity - total nuclear production","2002","Kilowatt-hours, million","22295",""
"Finland","Electricity - total nuclear production","2001","Kilowatt-hours, million","22773",""
"Finland","Electricity - total nuclear production","2000","Kilowatt-hours, million","22479",""
"Finland","Electricity - total nuclear production","1999","Kilowatt-hours, million","22974",""
"Finland","Electricity - total nuclear production","1998","Kilowatt-hours, million","21853",""
"Finland","Electricity - total nuclear production","1997","Kilowatt-hours, million","20894",""
"Finland","Electricity - total nuclear production","1996","Kilowatt-hours, million","19476",""
"Finland","Electricity - total nuclear production","1995","Kilowatt-hours, million","19216",""
"Finland","Electricity - total nuclear production","1994","Kilowatt-hours, million","19427",""
"Finland","Electricity - total nuclear production","1993","Kilowatt-hours, million","19928",""
"Finland","Electricity - total nuclear production","1992","Kilowatt-hours, million","19260",""
"Finland","Electricity - total nuclear production","1991","Kilowatt-hours, million","19511",""
"Finland","Electricity - total nuclear production","1990","Kilowatt-hours, million","19216",""
"France","Electricity - total nuclear production","2020","Kilowatt-hours, million","353832.867",""
"France","Electricity - total nuclear production","2019","Kilowatt-hours, million","399011.587",""
"France","Electricity - total nuclear production","2018","Kilowatt-hours, million","412941.812",""
"France","Electricity - total nuclear production","2017","Kilowatt-hours, million","398359.129",""
"France","Electricity - total nuclear production","2016","Kilowatt-hours, million","403195",""
"France","Electricity - total nuclear production","2015","Kilowatt-hours, million","437428",""
"France","Electricity - total nuclear production","2014","Kilowatt-hours, million","436479",""
"France","Electricity - total nuclear production","2013","Kilowatt-hours, million","423685",""
"France","Electricity - total nuclear production","2012","Kilowatt-hours, million","425406",""
"France","Electricity - total nuclear production","2011","Kilowatt-hours, million","442388",""
"France","Electricity - total nuclear production","2010","Kilowatt-hours, million","428521",""
"France","Electricity - total nuclear production","2009","Kilowatt-hours, million","409736",""
"France","Electricity - total nuclear production","2008","Kilowatt-hours, million","439447",""
"France","Electricity - total nuclear production","2007","Kilowatt-hours, million","439730",""
"France","Electricity - total nuclear production","2006","Kilowatt-hours, million","450191",""
"France","Electricity - total nuclear production","2005","Kilowatt-hours, million","451529",""
"France","Electricity - total nuclear production","2004","Kilowatt-hours, million","448241",""
"France","Electricity - total nuclear production","2003","Kilowatt-hours, million","441070",""
"France","Electricity - total nuclear production","2002","Kilowatt-hours, million","436760",""
"France","Electricity - total nuclear production","2001","Kilowatt-hours, million","421076",""
"France","Electricity - total nuclear production","2000","Kilowatt-hours, million","415162",""
"France","Electricity - total nuclear production","1999","Kilowatt-hours, million","394244",""
"France","Electricity - total nuclear production","1998","Kilowatt-hours, million","387990",""
"France","Electricity - total nuclear production","1997","Kilowatt-hours, million","395483",""
"France","Electricity - total nuclear production","1996","Kilowatt-hours, million","397340",""
"France","Electricity - total nuclear production","1995","Kilowatt-hours, million","377231",""
"France","Electricity - total nuclear production","1994","Kilowatt-hours, million","359981",""
"France","Electricity - total nuclear production","1993","Kilowatt-hours, million","368188",""
"France","Electricity - total nuclear production","1992","Kilowatt-hours, million","338445",""
"France","Electricity - total nuclear production","1991","Kilowatt-hours, million","331340",""
"France","Electricity - total nuclear production","1990","Kilowatt-hours, million","314081",""
"German Dem. R. (former)","Electricity - total nuclear production","1990","Kilowatt-hours, million","11800","1"
"Germany","Electricity - total nuclear production","2020","Kilowatt-hours, million","64382",""
"Germany","Electricity - total nuclear production","2019","Kilowatt-hours, million","75071",""
"Germany","Electricity - total nuclear production","2018","Kilowatt-hours, million","76005",""
"Germany","Electricity - total nuclear production","2017","Kilowatt-hours, million","76324",""
"Germany","Electricity - total nuclear production","2016","Kilowatt-hours, million","84634",""
"Germany","Electricity - total nuclear production","2015","Kilowatt-hours, million","91786",""
"Germany","Electricity - total nuclear production","2014","Kilowatt-hours, million","97129",""
"Germany","Electricity - total nuclear production","2013","Kilowatt-hours, million","97290",""
"Germany","Electricity - total nuclear production","2012","Kilowatt-hours, million","99460",""
"Germany","Electricity - total nuclear production","2011","Kilowatt-hours, million","107971",""
"Germany","Electricity - total nuclear production","2010","Kilowatt-hours, million","140556",""
"Germany","Electricity - total nuclear production","2009","Kilowatt-hours, million","134932",""
"Germany","Electricity - total nuclear production","2008","Kilowatt-hours, million","148495",""
"Germany","Electricity - total nuclear production","2007","Kilowatt-hours, million","140534",""
"Germany","Electricity - total nuclear production","2006","Kilowatt-hours, million","167269",""
"Germany","Electricity - total nuclear production","2005","Kilowatt-hours, million","163055",""
"Germany","Electricity - total nuclear production","2004","Kilowatt-hours, million","167065",""
"Germany","Electricity - total nuclear production","2003","Kilowatt-hours, million","165060",""
"Germany","Electricity - total nuclear production","2002","Kilowatt-hours, million","164842",""
"Germany","Electricity - total nuclear production","2001","Kilowatt-hours, million","171305",""
"Germany","Electricity - total nuclear production","2000","Kilowatt-hours, million","169606",""
"Germany","Electricity - total nuclear production","1999","Kilowatt-hours, million","170004",""
"Germany","Electricity - total nuclear production","1998","Kilowatt-hours, million","161644",""
"Germany","Electricity - total nuclear production","1997","Kilowatt-hours, million","170328",""
"Germany","Electricity - total nuclear production","1996","Kilowatt-hours, million","160016",""
"Germany","Electricity - total nuclear production","1995","Kilowatt-hours, million","153091",""
"Germany","Electricity - total nuclear production","1994","Kilowatt-hours, million","150703",""
"Germany","Electricity - total nuclear production","1993","Kilowatt-hours, million","153276",""
"Germany","Electricity - total nuclear production","1992","Kilowatt-hours, million","158804",""
"Germany","Electricity - total nuclear production","1991","Kilowatt-hours, million","147229",""
"Germany, Fed. R. (former)","Electricity - total nuclear production","1990","Kilowatt-hours, million","147096","1"
"Hungary","Electricity - total nuclear production","2020","Kilowatt-hours, million","16055",""
"Hungary","Electricity - total nuclear production","2019","Kilowatt-hours, million","16288",""
"Hungary","Electricity - total nuclear production","2018","Kilowatt-hours, million","15733",""
"Hungary","Electricity - total nuclear production","2017","Kilowatt-hours, million","16098",""
"Hungary","Electricity - total nuclear production","2016","Kilowatt-hours, million","16054",""
"Hungary","Electricity - total nuclear production","2015","Kilowatt-hours, million","15834",""
"Hungary","Electricity - total nuclear production","2014","Kilowatt-hours, million","15649",""
"Hungary","Electricity - total nuclear production","2013","Kilowatt-hours, million","15370",""
"Hungary","Electricity - total nuclear production","2012","Kilowatt-hours, million","15793",""
"Hungary","Electricity - total nuclear production","2011","Kilowatt-hours, million","15685",""
"Hungary","Electricity - total nuclear production","2010","Kilowatt-hours, million","15761",""
"Hungary","Electricity - total nuclear production","2009","Kilowatt-hours, million","15426",""
"Hungary","Electricity - total nuclear production","2008","Kilowatt-hours, million","14818",""
"Hungary","Electricity - total nuclear production","2007","Kilowatt-hours, million","14677",""
"Hungary","Electricity - total nuclear production","2006","Kilowatt-hours, million","13461",""
"Hungary","Electricity - total nuclear production","2005","Kilowatt-hours, million","13834",""
"Hungary","Electricity - total nuclear production","2004","Kilowatt-hours, million","11915",""
"Hungary","Electricity - total nuclear production","2003","Kilowatt-hours, million","11013",""
"Hungary","Electricity - total nuclear production","2002","Kilowatt-hours, million","13953",""
"Hungary","Electricity - total nuclear production","2001","Kilowatt-hours, million","14126",""
"Hungary","Electricity - total nuclear production","2000","Kilowatt-hours, million","14180",""
"Hungary","Electricity - total nuclear production","1999","Kilowatt-hours, million","14096",""
"Hungary","Electricity - total nuclear production","1998","Kilowatt-hours, million","13949",""
"Hungary","Electricity - total nuclear production","1997","Kilowatt-hours, million","13968",""
"Hungary","Electricity - total nuclear production","1996","Kilowatt-hours, million","14180",""
"Hungary","Electricity - total nuclear production","1995","Kilowatt-hours, million","14026",""
"Hungary","Electricity - total nuclear production","1994","Kilowatt-hours, million","14049",""
"Hungary","Electricity - total nuclear production","1993","Kilowatt-hours, million","13796",""
"Hungary","Electricity - total nuclear production","1992","Kilowatt-hours, million","13964",""
"Hungary","Electricity - total nuclear production","1991","Kilowatt-hours, million","13726",""
"Hungary","Electricity - total nuclear production","1990","Kilowatt-hours, million","13731",""
"India","Electricity - total nuclear production","2020","Kilowatt-hours, million","43029","1"
"India","Electricity - total nuclear production","2019","Kilowatt-hours, million","46472",""
"India","Electricity - total nuclear production","2018","Kilowatt-hours, million","37813",""
"India","Electricity - total nuclear production","2017","Kilowatt-hours, million","38346",""
"India","Electricity - total nuclear production","2016","Kilowatt-hours, million","37916",""
"India","Electricity - total nuclear production","2015","Kilowatt-hours, million","37414",""
"India","Electricity - total nuclear production","2014","Kilowatt-hours, million","36102",""
"India","Electricity - total nuclear production","2013","Kilowatt-hours, million","34228",""
"India","Electricity - total nuclear production","2012","Kilowatt-hours, million","32871",""
"India","Electricity - total nuclear production","2011","Kilowatt-hours, million","32287",""
"India","Electricity - total nuclear production","2010","Kilowatt-hours, million","26266",""
"India","Electricity - total nuclear production","2009","Kilowatt-hours, million","18636",""
"India","Electricity - total nuclear production","2008","Kilowatt-hours, million","14713",""
"India","Electricity - total nuclear production","2007","Kilowatt-hours, million","16957",""
"India","Electricity - total nuclear production","2006","Kilowatt-hours, million","18802",""
"India","Electricity - total nuclear production","2005","Kilowatt-hours, million","17334",""
"India","Electricity - total nuclear production","2004","Kilowatt-hours, million","17011",""
"India","Electricity - total nuclear production","2003","Kilowatt-hours, million","17780",""
"India","Electricity - total nuclear production","2002","Kilowatt-hours, million","19390",""
"India","Electricity - total nuclear production","2001","Kilowatt-hours, million","19475",""
"India","Electricity - total nuclear production","2000","Kilowatt-hours, million","16902",""
"India","Electricity - total nuclear production","1999","Kilowatt-hours, million","13249",""
"India","Electricity - total nuclear production","1998","Kilowatt-hours, million","11923",""
"India","Electricity - total nuclear production","1997","Kilowatt-hours, million","10083",""
"India","Electricity - total nuclear production","1996","Kilowatt-hours, million","9071",""
"India","Electricity - total nuclear production","1995","Kilowatt-hours, million","7982",""
"India","Electricity - total nuclear production","1994","Kilowatt-hours, million","5648",""
"India","Electricity - total nuclear production","1993","Kilowatt-hours, million","5398",""
"India","Electricity - total nuclear production","1992","Kilowatt-hours, million","6726",""
"India","Electricity - total nuclear production","1991","Kilowatt-hours, million","5524",""
"India","Electricity - total nuclear production","1990","Kilowatt-hours, million","6141",""
"Iran (Islamic Rep. of)","Electricity - total nuclear production","2020","Kilowatt-hours, million","5790",""
"Iran (Islamic Rep. of)","Electricity - total nuclear production","2019","Kilowatt-hours, million","5870",""
"Iran (Islamic Rep. of)","Electricity - total nuclear production","2018","Kilowatt-hours, million","7450.452",""
"Iran (Islamic Rep. of)","Electricity - total nuclear production","2017","Kilowatt-hours, million","7514",""
"Iran (Islamic Rep. of)","Electricity - total nuclear production","2016","Kilowatt-hours, million","6620",""
"Iran (Islamic Rep. of)","Electricity - total nuclear production","2015","Kilowatt-hours, million","2914",""
"Iran (Islamic Rep. of)","Electricity - total nuclear production","2014","Kilowatt-hours, million","4472",""
"Iran (Islamic Rep. of)","Electricity - total nuclear production","2013","Kilowatt-hours, million","4546",""
"Iran (Islamic Rep. of)","Electricity - total nuclear production","2012","Kilowatt-hours, million","1847",""
"Iran (Islamic Rep. of)","Electricity - total nuclear production","2011","Kilowatt-hours, million","327",""
"Japan","Electricity - total nuclear production","2020","Kilowatt-hours, million","38751.685",""
"Japan","Electricity - total nuclear production","2019","Kilowatt-hours, million","63778.976",""
"Japan","Electricity - total nuclear production","2018","Kilowatt-hours, million","64929.104",""
"Japan","Electricity - total nuclear production","2017","Kilowatt-hours, million","32911.743",""
"Japan","Electricity - total nuclear production","2016","Kilowatt-hours, million","18060",""
"Japan","Electricity - total nuclear production","2015","Kilowatt-hours, million","9437",""
"Japan","Electricity - total nuclear production","2014","Kilowatt-hours, million","0",""
"Japan","Electricity - total nuclear production","2013","Kilowatt-hours, million","9303",""
"Japan","Electricity - total nuclear production","2012","Kilowatt-hours, million","15939",""
"Japan","Electricity - total nuclear production","2011","Kilowatt-hours, million","101761",""
"Japan","Electricity - total nuclear production","2010","Kilowatt-hours, million","288230",""
"Japan","Electricity - total nuclear production","2009","Kilowatt-hours, million","279750",""
"Japan","Electricity - total nuclear production","2008","Kilowatt-hours, million","258128",""
"Japan","Electricity - total nuclear production","2007","Kilowatt-hours, million","263832",""
"Japan","Electricity - total nuclear production","2006","Kilowatt-hours, million","303426",""
"Japan","Electricity - total nuclear production","2005","Kilowatt-hours, million","304755",""
"Japan","Electricity - total nuclear production","2004","Kilowatt-hours, million","282442",""
"Japan","Electricity - total nuclear production","2003","Kilowatt-hours, million","240013",""
"Japan","Electricity - total nuclear production","2002","Kilowatt-hours, million","295094",""
"Japan","Electricity - total nuclear production","2001","Kilowatt-hours, million","319858",""
"Japan","Electricity - total nuclear production","2000","Kilowatt-hours, million","322049",""
"Japan","Electricity - total nuclear production","1999","Kilowatt-hours, million","316616",""
"Japan","Electricity - total nuclear production","1998","Kilowatt-hours, million","332343",""
"Japan","Electricity - total nuclear production","1997","Kilowatt-hours, million","319177",""
"Japan","Electricity - total nuclear production","1996","Kilowatt-hours, million","302200",""
"Japan","Electricity - total nuclear production","1995","Kilowatt-hours, million","291254",""
"Japan","Electricity - total nuclear production","1994","Kilowatt-hours, million","269127",""
"Japan","Electricity - total nuclear production","1993","Kilowatt-hours, million","249256",""
"Japan","Electricity - total nuclear production","1992","Kilowatt-hours, million","223259",""
"Japan","Electricity - total nuclear production","1991","Kilowatt-hours, million","213459",""
"Japan","Electricity - total nuclear production","1990","Kilowatt-hours, million","202272",""
"Korea, Republic of","Electricity - total nuclear production","2020","Kilowatt-hours, million","160183.721",""
"Korea, Republic of","Electricity - total nuclear production","2019","Kilowatt-hours, million","145909.669",""
"Korea, Republic of","Electricity - total nuclear production","2018","Kilowatt-hours, million","133505.261",""
"Korea, Republic of","Electricity - total nuclear production","2017","Kilowatt-hours, million","148426.725",""
"Korea, Republic of","Electricity - total nuclear production","2016","Kilowatt-hours, million","161995",""
"Korea, Republic of","Electricity - total nuclear production","2015","Kilowatt-hours, million","164762",""
"Korea, Republic of","Electricity - total nuclear production","2014","Kilowatt-hours, million","156407",""
"Korea, Republic of","Electricity - total nuclear production","2013","Kilowatt-hours, million","138784",""
"Korea, Republic of","Electricity - total nuclear production","2012","Kilowatt-hours, million","150327",""
"Korea, Republic of","Electricity - total nuclear production","2011","Kilowatt-hours, million","154723",""
"Korea, Republic of","Electricity - total nuclear production","2010","Kilowatt-hours, million","148596",""
"Korea, Republic of","Electricity - total nuclear production","2009","Kilowatt-hours, million","147771",""
"Korea, Republic of","Electricity - total nuclear production","2008","Kilowatt-hours, million","150958",""
"Korea, Republic of","Electricity - total nuclear production","2007","Kilowatt-hours, million","142937",""
"Korea, Republic of","Electricity - total nuclear production","2006","Kilowatt-hours, million","148749",""
"Korea, Republic of","Electricity - total nuclear production","2005","Kilowatt-hours, million","146779",""
"Korea, Republic of","Electricity - total nuclear production","2004","Kilowatt-hours, million","130715",""
"Korea, Republic of","Electricity - total nuclear production","2003","Kilowatt-hours, million","129672",""
"Korea, Republic of","Electricity - total nuclear production","2002","Kilowatt-hours, million","119103",""
"Korea, Republic of","Electricity - total nuclear production","2001","Kilowatt-hours, million","112133",""
"Korea, Republic of","Electricity - total nuclear production","2000","Kilowatt-hours, million","108964",""
"Korea, Republic of","Electricity - total nuclear production","1999","Kilowatt-hours, million","103064",""
"Korea, Republic of","Electricity - total nuclear production","1998","Kilowatt-hours, million","89689",""
"Korea, Republic of","Electricity - total nuclear production","1997","Kilowatt-hours, million","77086",""
"Korea, Republic of","Electricity - total nuclear production","1996","Kilowatt-hours, million","73924",""
"Korea, Republic of","Electricity - total nuclear production","1995","Kilowatt-hours, million","67029",""
"Korea, Republic of","Electricity - total nuclear production","1994","Kilowatt-hours, million","58651",""
"Korea, Republic of","Electricity - total nuclear production","1993","Kilowatt-hours, million","58138",""
"Korea, Republic of","Electricity - total nuclear production","1992","Kilowatt-hours, million","56530",""
"Korea, Republic of","Electricity - total nuclear production","1991","Kilowatt-hours, million","56311",""
"Korea, Republic of","Electricity - total nuclear production","1990","Kilowatt-hours, million","52887",""
"Lithuania","Electricity - total nuclear production","2009","Kilowatt-hours, million","10852",""
"Lithuania","Electricity - total nuclear production","2008","Kilowatt-hours, million","9894",""
"Lithuania","Electricity - total nuclear production","2007","Kilowatt-hours, million","9833",""
"Lithuania","Electricity - total nuclear production","2006","Kilowatt-hours, million","8651",""
"Lithuania","Electricity - total nuclear production","2005","Kilowatt-hours, million","10337",""
"Lithuania","Electricity - total nuclear production","2004","Kilowatt-hours, million","15102",""
"Lithuania","Electricity - total nuclear production","2003","Kilowatt-hours, million","15484",""
"Lithuania","Electricity - total nuclear production","2002","Kilowatt-hours, million","14142",""
"Lithuania","Electricity - total nuclear production","2001","Kilowatt-hours, million","11362",""
"Lithuania","Electricity - total nuclear production","2000","Kilowatt-hours, million","8419",""
"Lithuania","Electricity - total nuclear production","1999","Kilowatt-hours, million","9862",""
"Lithuania","Electricity - total nuclear production","1998","Kilowatt-hours, million","13554",""
"Lithuania","Electricity - total nuclear production","1997","Kilowatt-hours, million","12024",""
"Lithuania","Electricity - total nuclear production","1996","Kilowatt-hours, million","13942",""
"Lithuania","Electricity - total nuclear production","1995","Kilowatt-hours, million","11822",""
"Lithuania","Electricity - total nuclear production","1994","Kilowatt-hours, million","7706",""
"Lithuania","Electricity - total nuclear production","1993","Kilowatt-hours, million","12260",""
"Lithuania","Electricity - total nuclear production","1992","Kilowatt-hours, million","14638",""
"Mexico","Electricity - total nuclear production","2020","Kilowatt-hours, million","8131",""
"Mexico","Electricity - total nuclear production","2019","Kilowatt-hours, million","11190",""
"Mexico","Electricity - total nuclear production","2018","Kilowatt-hours, million","13675",""
"Mexico","Electricity - total nuclear production","2017","Kilowatt-hours, million","10883",""
"Mexico","Electricity - total nuclear production","2016","Kilowatt-hours, million","10567",""
"Mexico","Electricity - total nuclear production","2015","Kilowatt-hours, million","11577",""
"Mexico","Electricity - total nuclear production","2014","Kilowatt-hours, million","9677",""
"Mexico","Electricity - total nuclear production","2013","Kilowatt-hours, million","11800",""
"Mexico","Electricity - total nuclear production","2012","Kilowatt-hours, million","8770",""
"Mexico","Electricity - total nuclear production","2011","Kilowatt-hours, million","10089",""
"Mexico","Electricity - total nuclear production","2010","Kilowatt-hours, million","5879",""
"Mexico","Electricity - total nuclear production","2009","Kilowatt-hours, million","10501",""
"Mexico","Electricity - total nuclear production","2008","Kilowatt-hours, million","9804",""
"Mexico","Electricity - total nuclear production","2007","Kilowatt-hours, million","10421",""
"Mexico","Electricity - total nuclear production","2006","Kilowatt-hours, million","10866",""
"Mexico","Electricity - total nuclear production","2005","Kilowatt-hours, million","10805",""
"Mexico","Electricity - total nuclear production","2004","Kilowatt-hours, million","9194",""
"Mexico","Electricity - total nuclear production","2003","Kilowatt-hours, million","10502",""
"Mexico","Electricity - total nuclear production","2002","Kilowatt-hours, million","9747",""
"Mexico","Electricity - total nuclear production","2001","Kilowatt-hours, million","8726",""
"Mexico","Electricity - total nuclear production","2000","Kilowatt-hours, million","8221",""
"Mexico","Electricity - total nuclear production","1999","Kilowatt-hours, million","10002",""
"Mexico","Electricity - total nuclear production","1998","Kilowatt-hours, million","9265",""
"Mexico","Electricity - total nuclear production","1997","Kilowatt-hours, million","10456",""
"Mexico","Electricity - total nuclear production","1996","Kilowatt-hours, million","7878",""
"Mexico","Electricity - total nuclear production","1995","Kilowatt-hours, million","8443",""
"Mexico","Electricity - total nuclear production","1994","Kilowatt-hours, million","4239",""
"Mexico","Electricity - total nuclear production","1993","Kilowatt-hours, million","4931",""
"Mexico","Electricity - total nuclear production","1992","Kilowatt-hours, million","3919",""
"Mexico","Electricity - total nuclear production","1991","Kilowatt-hours, million","4242",""
"Mexico","Electricity - total nuclear production","1990","Kilowatt-hours, million","2937",""
"Netherlands","Electricity - total nuclear production","2020","Kilowatt-hours, million","4087.363",""
"Netherlands","Electricity - total nuclear production","2019","Kilowatt-hours, million","3909.748",""
"Netherlands","Electricity - total nuclear production","2018","Kilowatt-hours, million","3514.77",""
"Netherlands","Electricity - total nuclear production","2017","Kilowatt-hours, million","3402.478",""
"Netherlands","Electricity - total nuclear production","2016","Kilowatt-hours, million","3960",""
"Netherlands","Electricity - total nuclear production","2015","Kilowatt-hours, million","4078",""
"Netherlands","Electricity - total nuclear production","2014","Kilowatt-hours, million","4091",""
"Netherlands","Electricity - total nuclear production","2013","Kilowatt-hours, million","2891",""
"Netherlands","Electricity - total nuclear production","2012","Kilowatt-hours, million","3915",""
"Netherlands","Electricity - total nuclear production","2011","Kilowatt-hours, million","4141",""
"Netherlands","Electricity - total nuclear production","2010","Kilowatt-hours, million","3969",""
"Netherlands","Electricity - total nuclear production","2009","Kilowatt-hours, million","4248",""
"Netherlands","Electricity - total nuclear production","2008","Kilowatt-hours, million","4169",""
"Netherlands","Electricity - total nuclear production","2007","Kilowatt-hours, million","4200",""
"Netherlands","Electricity - total nuclear production","2006","Kilowatt-hours, million","3469",""
"Netherlands","Electricity - total nuclear production","2005","Kilowatt-hours, million","3997",""
"Netherlands","Electricity - total nuclear production","2004","Kilowatt-hours, million","3822",""
"Netherlands","Electricity - total nuclear production","2003","Kilowatt-hours, million","4018",""
"Netherlands","Electricity - total nuclear production","2002","Kilowatt-hours, million","3915",""
"Netherlands","Electricity - total nuclear production","2001","Kilowatt-hours, million","3976",""
"Netherlands","Electricity - total nuclear production","2000","Kilowatt-hours, million","3926",""
"Netherlands","Electricity - total nuclear production","1999","Kilowatt-hours, million","3832",""
"Netherlands","Electricity - total nuclear production","1998","Kilowatt-hours, million","3814",""
"Netherlands","Electricity - total nuclear production","1997","Kilowatt-hours, million","2408",""
"Netherlands","Electricity - total nuclear production","1996","Kilowatt-hours, million","4160",""
"Netherlands","Electricity - total nuclear production","1995","Kilowatt-hours, million","4018",""
"Netherlands","Electricity - total nuclear production","1994","Kilowatt-hours, million","3967",""
"Netherlands","Electricity - total nuclear production","1993","Kilowatt-hours, million","3948",""
"Netherlands","Electricity - total nuclear production","1992","Kilowatt-hours, million","3800",""
"Netherlands","Electricity - total nuclear production","1991","Kilowatt-hours, million","3329",""
"Netherlands","Electricity - total nuclear production","1990","Kilowatt-hours, million","3502",""
"Other Asia","Electricity - total nuclear production","2020","Kilowatt-hours, million","31440.245",""
"Other Asia","Electricity - total nuclear production","2019","Kilowatt-hours, million","32323.432",""
"Other Asia","Electricity - total nuclear production","2018","Kilowatt-hours, million","27682.407",""
"Other Asia","Electricity - total nuclear production","2017","Kilowatt-hours, million","22445.531",""
"Other Asia","Electricity - total nuclear production","2016","Kilowatt-hours, million","31661",""
"Other Asia","Electricity - total nuclear production","2015","Kilowatt-hours, million","36471",""
"Other Asia","Electricity - total nuclear production","2014","Kilowatt-hours, million","42389",""
"Other Asia","Electricity - total nuclear production","2013","Kilowatt-hours, million","41639",""
"Other Asia","Electricity - total nuclear production","2012","Kilowatt-hours, million","40422",""
"Other Asia","Electricity - total nuclear production","2011","Kilowatt-hours, million","42116",""
"Other Asia","Electricity - total nuclear production","2010","Kilowatt-hours, million","41629",""
"Other Asia","Electricity - total nuclear production","2009","Kilowatt-hours, million","41571",""
"Other Asia","Electricity - total nuclear production","2008","Kilowatt-hours, million","40827",""
"Other Asia","Electricity - total nuclear production","2007","Kilowatt-hours, million","40539",""
"Other Asia","Electricity - total nuclear production","2006","Kilowatt-hours, million","39870",""
"Other Asia","Electricity - total nuclear production","2005","Kilowatt-hours, million","39972",""
"Other Asia","Electricity - total nuclear production","2004","Kilowatt-hours, million","39490",""
"Other Asia","Electricity - total nuclear production","2003","Kilowatt-hours, million","38892",""
"Other Asia","Electricity - total nuclear production","2002","Kilowatt-hours, million","39553",""
"Other Asia","Electricity - total nuclear production","2001","Kilowatt-hours, million","35486",""
"Other Asia","Electricity - total nuclear production","2000","Kilowatt-hours, million","38503",""
"Other Asia","Electricity - total nuclear production","1999","Kilowatt-hours, million","38416",""
"Other Asia","Electricity - total nuclear production","1998","Kilowatt-hours, million","36824",""
"Other Asia","Electricity - total nuclear production","1997","Kilowatt-hours, million","36269",""
"Other Asia","Electricity - total nuclear production","1996","Kilowatt-hours, million","37788",""
"Other Asia","Electricity - total nuclear production","1995","Kilowatt-hours, million","35316",""
"Other Asia","Electricity - total nuclear production","1994","Kilowatt-hours, million","34871",""
"Other Asia","Electricity - total nuclear production","1993","Kilowatt-hours, million","34354",""
"Other Asia","Electricity - total nuclear production","1992","Kilowatt-hours, million","33845",""
"Other Asia","Electricity - total nuclear production","1991","Kilowatt-hours, million","35290",""
"Other Asia","Electricity - total nuclear production","1990","Kilowatt-hours, million","32866",""
"Pakistan","Electricity - total nuclear production","2020","Kilowatt-hours, million","11494.664",""
"Pakistan","Electricity - total nuclear production","2019","Kilowatt-hours, million","9134",""
"Pakistan","Electricity - total nuclear production","2018","Kilowatt-hours, million","9849",""
"Pakistan","Electricity - total nuclear production","2017","Kilowatt-hours, million","6867",""
"Pakistan","Electricity - total nuclear production","2016","Kilowatt-hours, million","4602",""
"Pakistan","Electricity - total nuclear production","2015","Kilowatt-hours, million","5804",""
"Pakistan","Electricity - total nuclear production","2014","Kilowatt-hours, million","5090",""
"Pakistan","Electricity - total nuclear production","2013","Kilowatt-hours, million","4553",""
"Pakistan","Electricity - total nuclear production","2012","Kilowatt-hours, million","4553",""
"Pakistan","Electricity - total nuclear production","2011","Kilowatt-hours, million","5265",""
"Pakistan","Electricity - total nuclear production","2010","Kilowatt-hours, million","3420",""
"Pakistan","Electricity - total nuclear production","2009","Kilowatt-hours, million","2894",""
"Pakistan","Electricity - total nuclear production","2008","Kilowatt-hours, million","1618",""
"Pakistan","Electricity - total nuclear production","2007","Kilowatt-hours, million","3077",""
"Pakistan","Electricity - total nuclear production","2006","Kilowatt-hours, million","2288",""
"Pakistan","Electricity - total nuclear production","2005","Kilowatt-hours, million","2484",""
"Pakistan","Electricity - total nuclear production","2004","Kilowatt-hours, million","2795",""
"Pakistan","Electricity - total nuclear production","2003","Kilowatt-hours, million","1760",""
"Pakistan","Electricity - total nuclear production","2002","Kilowatt-hours, million","1740",""
"Pakistan","Electricity - total nuclear production","2001","Kilowatt-hours, million","1997",""
"Pakistan","Electricity - total nuclear production","2000","Kilowatt-hours, million","399",""
"Pakistan","Electricity - total nuclear production","1999","Kilowatt-hours, million","284",""
"Pakistan","Electricity - total nuclear production","1998","Kilowatt-hours, million","375",""
"Pakistan","Electricity - total nuclear production","1997","Kilowatt-hours, million","346",""
"Pakistan","Electricity - total nuclear production","1996","Kilowatt-hours, million","483",""
"Pakistan","Electricity - total nuclear production","1995","Kilowatt-hours, million","511",""
"Pakistan","Electricity - total nuclear production","1994","Kilowatt-hours, million","497",""
"Pakistan","Electricity - total nuclear production","1993","Kilowatt-hours, million","582",""
"Pakistan","Electricity - total nuclear production","1992","Kilowatt-hours, million","418",""
"Pakistan","Electricity - total nuclear production","1991","Kilowatt-hours, million","385",""
"Pakistan","Electricity - total nuclear production","1990","Kilowatt-hours, million","293",""
"Romania","Electricity - total nuclear production","2020","Kilowatt-hours, million","11466.404",""
"Romania","Electricity - total nuclear production","2019","Kilowatt-hours, million","11280.167",""
"Romania","Electricity - total nuclear production","2018","Kilowatt-hours, million","11377.435",""
"Romania","Electricity - total nuclear production","2017","Kilowatt-hours, million","11508.865",""
"Romania","Electricity - total nuclear production","2016","Kilowatt-hours, million","11286",""
"Romania","Electricity - total nuclear production","2015","Kilowatt-hours, million","11640",""
"Romania","Electricity - total nuclear production","2014","Kilowatt-hours, million","11676",""
"Romania","Electricity - total nuclear production","2013","Kilowatt-hours, million","11618",""
"Romania","Electricity - total nuclear production","2012","Kilowatt-hours, million","11466",""
"Romania","Electricity - total nuclear production","2011","Kilowatt-hours, million","11747",""
"Romania","Electricity - total nuclear production","2010","Kilowatt-hours, million","11623",""
"Romania","Electricity - total nuclear production","2009","Kilowatt-hours, million","11752",""
"Romania","Electricity - total nuclear production","2008","Kilowatt-hours, million","11226",""
"Romania","Electricity - total nuclear production","2007","Kilowatt-hours, million","7709",""
"Romania","Electricity - total nuclear production","2006","Kilowatt-hours, million","5632",""
"Romania","Electricity - total nuclear production","2005","Kilowatt-hours, million","5555",""
"Romania","Electricity - total nuclear production","2004","Kilowatt-hours, million","5548",""
"Romania","Electricity - total nuclear production","2003","Kilowatt-hours, million","4906",""
"Romania","Electricity - total nuclear production","2002","Kilowatt-hours, million","5513",""
"Romania","Electricity - total nuclear production","2001","Kilowatt-hours, million","5446",""
"Romania","Electricity - total nuclear production","2000","Kilowatt-hours, million","5456",""
"Romania","Electricity - total nuclear production","1999","Kilowatt-hours, million","5198",""
"Romania","Electricity - total nuclear production","1998","Kilowatt-hours, million","5307",""
"Romania","Electricity - total nuclear production","1997","Kilowatt-hours, million","5400",""
"Romania","Electricity - total nuclear production","1996","Kilowatt-hours, million","1386",""
"Russian Federation","Electricity - total nuclear production","2020","Kilowatt-hours, million","215745",""
"Russian Federation","Electricity - total nuclear production","2019","Kilowatt-hours, million","208984.183",""
"Russian Federation","Electricity - total nuclear production","2018","Kilowatt-hours, million","204569.141",""
"Russian Federation","Electricity - total nuclear production","2017","Kilowatt-hours, million","203143.077",""
"Russian Federation","Electricity - total nuclear production","2016","Kilowatt-hours, million","196614",""
"Russian Federation","Electricity - total nuclear production","2015","Kilowatt-hours, million","195470",""
"Russian Federation","Electricity - total nuclear production","2014","Kilowatt-hours, million","180757",""
"Russian Federation","Electricity - total nuclear production","2013","Kilowatt-hours, million","172508",""
"Russian Federation","Electricity - total nuclear production","2012","Kilowatt-hours, million","177534",""
"Russian Federation","Electricity - total nuclear production","2011","Kilowatt-hours, million","172941",""
"Russian Federation","Electricity - total nuclear production","2010","Kilowatt-hours, million","170415",""
"Russian Federation","Electricity - total nuclear production","2009","Kilowatt-hours, million","163584",""
"Russian Federation","Electricity - total nuclear production","2008","Kilowatt-hours, million","163085",""
"Russian Federation","Electricity - total nuclear production","2007","Kilowatt-hours, million","160039",""
"Russian Federation","Electricity - total nuclear production","2006","Kilowatt-hours, million","156436",""
"Russian Federation","Electricity - total nuclear production","2005","Kilowatt-hours, million","149446",""
"Russian Federation","Electricity - total nuclear production","2004","Kilowatt-hours, million","144707",""
"Russian Federation","Electricity - total nuclear production","2003","Kilowatt-hours, million","150342",""
"Russian Federation","Electricity - total nuclear production","2002","Kilowatt-hours, million","141629",""
"Russian Federation","Electricity - total nuclear production","2001","Kilowatt-hours, million","136935",""
"Russian Federation","Electricity - total nuclear production","2000","Kilowatt-hours, million","130715",""
"Russian Federation","Electricity - total nuclear production","1999","Kilowatt-hours, million","121874",""
"Russian Federation","Electricity - total nuclear production","1998","Kilowatt-hours, million","105320",""
"Russian Federation","Electricity - total nuclear production","1997","Kilowatt-hours, million","108498",""
"Russian Federation","Electricity - total nuclear production","1996","Kilowatt-hours, million","109026",""
"Russian Federation","Electricity - total nuclear production","1995","Kilowatt-hours, million","99532",""
"Russian Federation","Electricity - total nuclear production","1994","Kilowatt-hours, million","97820",""
"Russian Federation","Electricity - total nuclear production","1993","Kilowatt-hours, million","119186",""
"Russian Federation","Electricity - total nuclear production","1992","Kilowatt-hours, million","119626",""
"Slovakia","Electricity - total nuclear production","2020","Kilowatt-hours, million","15444",""
"Slovakia","Electricity - total nuclear production","2019","Kilowatt-hours, million","15282",""
"Slovakia","Electricity - total nuclear production","2018","Kilowatt-hours, million","14843",""
"Slovakia","Electricity - total nuclear production","2017","Kilowatt-hours, million","15081",""
"Slovakia","Electricity - total nuclear production","2016","Kilowatt-hours, million","14774",""
"Slovakia","Electricity - total nuclear production","2015","Kilowatt-hours, million","15146",""
"Slovakia","Electricity - total nuclear production","2014","Kilowatt-hours, million","15499",""
"Slovakia","Electricity - total nuclear production","2013","Kilowatt-hours, million","15720",""
"Slovakia","Electricity - total nuclear production","2012","Kilowatt-hours, million","15495",""
"Slovakia","Electricity - total nuclear production","2011","Kilowatt-hours, million","15411",""
"Slovakia","Electricity - total nuclear production","2010","Kilowatt-hours, million","14574",""
"Slovakia","Electricity - total nuclear production","2009","Kilowatt-hours, million","14081",""
"Slovakia","Electricity - total nuclear production","2008","Kilowatt-hours, million","16703",""
"Slovakia","Electricity - total nuclear production","2007","Kilowatt-hours, million","15334",""
"Slovakia","Electricity - total nuclear production","2006","Kilowatt-hours, million","18012",""
"Slovakia","Electricity - total nuclear production","2005","Kilowatt-hours, million","17727",""
"Slovakia","Electricity - total nuclear production","2004","Kilowatt-hours, million","17026",""
"Slovakia","Electricity - total nuclear production","2003","Kilowatt-hours, million","17864",""
"Slovakia","Electricity - total nuclear production","2002","Kilowatt-hours, million","17953",""
"Slovakia","Electricity - total nuclear production","2001","Kilowatt-hours, million","17103",""
"Slovakia","Electricity - total nuclear production","2000","Kilowatt-hours, million","16494",""
"Slovakia","Electricity - total nuclear production","1999","Kilowatt-hours, million","13117",""
"Slovakia","Electricity - total nuclear production","1998","Kilowatt-hours, million","11394",""
"Slovakia","Electricity - total nuclear production","1997","Kilowatt-hours, million","11073",""
"Slovakia","Electricity - total nuclear production","1996","Kilowatt-hours, million","11249",""
"Slovakia","Electricity - total nuclear production","1995","Kilowatt-hours, million","11437",""
"Slovakia","Electricity - total nuclear production","1994","Kilowatt-hours, million","12595",""
"Slovakia","Electricity - total nuclear production","1993","Kilowatt-hours, million","11486",""
"Slovakia","Electricity - total nuclear production","1992","Kilowatt-hours, million","11050",""
"Slovenia","Electricity - total nuclear production","2020","Kilowatt-hours, million","6352.766",""
"Slovenia","Electricity - total nuclear production","2019","Kilowatt-hours, million","5821.257",""
"Slovenia","Electricity - total nuclear production","2018","Kilowatt-hours, million","5776.439",""
"Slovenia","Electricity - total nuclear production","2017","Kilowatt-hours, million","6285.272",""
"Slovenia","Electricity - total nuclear production","2016","Kilowatt-hours, million","5715",""
"Slovenia","Electricity - total nuclear production","2015","Kilowatt-hours, million","5648",""
"Slovenia","Electricity - total nuclear production","2014","Kilowatt-hours, million","6370",""
"Slovenia","Electricity - total nuclear production","2013","Kilowatt-hours, million","5300",""
"Slovenia","Electricity - total nuclear production","2012","Kilowatt-hours, million","5528",""
"Slovenia","Electricity - total nuclear production","2011","Kilowatt-hours, million","6215",""
"Slovenia","Electricity - total nuclear production","2010","Kilowatt-hours, million","5657",""
"Slovenia","Electricity - total nuclear production","2009","Kilowatt-hours, million","5739",""
"Slovenia","Electricity - total nuclear production","2008","Kilowatt-hours, million","6273",""
"Slovenia","Electricity - total nuclear production","2007","Kilowatt-hours, million","5695",""
"Slovenia","Electricity - total nuclear production","2006","Kilowatt-hours, million","5548",""
"Slovenia","Electricity - total nuclear production","2005","Kilowatt-hours, million","5884",""
"Slovenia","Electricity - total nuclear production","2004","Kilowatt-hours, million","5459",""
"Slovenia","Electricity - total nuclear production","2003","Kilowatt-hours, million","5207",""
"Slovenia","Electricity - total nuclear production","2002","Kilowatt-hours, million","5528",""
"Slovenia","Electricity - total nuclear production","2001","Kilowatt-hours, million","5257",""
"Slovenia","Electricity - total nuclear production","2000","Kilowatt-hours, million","4761",""
"Slovenia","Electricity - total nuclear production","1999","Kilowatt-hours, million","4696",""
"Slovenia","Electricity - total nuclear production","1998","Kilowatt-hours, million","5042",""
"Slovenia","Electricity - total nuclear production","1997","Kilowatt-hours, million","5019",""
"Slovenia","Electricity - total nuclear production","1996","Kilowatt-hours, million","4647",""
"Slovenia","Electricity - total nuclear production","1995","Kilowatt-hours, million","4779",""
"Slovenia","Electricity - total nuclear production","1994","Kilowatt-hours, million","4609",""
"Slovenia","Electricity - total nuclear production","1993","Kilowatt-hours, million","3956",""
"Slovenia","Electricity - total nuclear production","1992","Kilowatt-hours, million","3971",""
"South Africa","Electricity - total nuclear production","2020","Kilowatt-hours, million","9903",""
"South Africa","Electricity - total nuclear production","2019","Kilowatt-hours, million","13252",""
"South Africa","Electricity - total nuclear production","2018","Kilowatt-hours, million","11580",""
"South Africa","Electricity - total nuclear production","2017","Kilowatt-hours, million","15743",""
"South Africa","Electricity - total nuclear production","2016","Kilowatt-hours, million","15913",""
"South Africa","Electricity - total nuclear production","2015","Kilowatt-hours, million","12237",""
"South Africa","Electricity - total nuclear production","2014","Kilowatt-hours, million","13794",""
"South Africa","Electricity - total nuclear production","2013","Kilowatt-hours, million","14106",""
"South Africa","Electricity - total nuclear production","2012","Kilowatt-hours, million","11954",""
"South Africa","Electricity - total nuclear production","2011","Kilowatt-hours, million","13502",""
"South Africa","Electricity - total nuclear production","2010","Kilowatt-hours, million","12099",""
"South Africa","Electricity - total nuclear production","2009","Kilowatt-hours, million","12806",""
"South Africa","Electricity - total nuclear production","2008","Kilowatt-hours, million","13004",""
"South Africa","Electricity - total nuclear production","2007","Kilowatt-hours, million","11317",""
"South Africa","Electricity - total nuclear production","2006","Kilowatt-hours, million","10026",""
"South Africa","Electricity - total nuclear production","2005","Kilowatt-hours, million","11293",""
"South Africa","Electricity - total nuclear production","2004","Kilowatt-hours, million","13365",""
"South Africa","Electricity - total nuclear production","2003","Kilowatt-hours, million","12663",""
"South Africa","Electricity - total nuclear production","2002","Kilowatt-hours, million","11991",""
"South Africa","Electricity - total nuclear production","2001","Kilowatt-hours, million","10719",""
"South Africa","Electricity - total nuclear production","2000","Kilowatt-hours, million","13010",""
"South Africa","Electricity - total nuclear production","1999","Kilowatt-hours, million","12837",""
"South Africa","Electricity - total nuclear production","1998","Kilowatt-hours, million","13601",""
"South Africa","Electricity - total nuclear production","1997","Kilowatt-hours, million","12647",""
"South Africa","Electricity - total nuclear production","1996","Kilowatt-hours, million","11775",""
"South Africa","Electricity - total nuclear production","1995","Kilowatt-hours, million","11301",""
"South Africa","Electricity - total nuclear production","1994","Kilowatt-hours, million","9697",""
"South Africa","Electricity - total nuclear production","1993","Kilowatt-hours, million","7255",""
"South Africa","Electricity - total nuclear production","1992","Kilowatt-hours, million","9288",""
"South Africa","Electricity - total nuclear production","1991","Kilowatt-hours, million","9300",""
"South Africa","Electricity - total nuclear production","1990","Kilowatt-hours, million","8400",""
"Spain","Electricity - total nuclear production","2020","Kilowatt-hours, million","58299",""
"Spain","Electricity - total nuclear production","2019","Kilowatt-hours, million","58349",""
"Spain","Electricity - total nuclear production","2018","Kilowatt-hours, million","55766",""
"Spain","Electricity - total nuclear production","2017","Kilowatt-hours, million","58039",""
"Spain","Electricity - total nuclear production","2016","Kilowatt-hours, million","58633",""
"Spain","Electricity - total nuclear production","2015","Kilowatt-hours, million","57196",""
"Spain","Electricity - total nuclear production","2014","Kilowatt-hours, million","57305",""
"Spain","Electricity - total nuclear production","2013","Kilowatt-hours, million","56726",""
"Spain","Electricity - total nuclear production","2012","Kilowatt-hours, million","61470",""
"Spain","Electricity - total nuclear production","2011","Kilowatt-hours, million","57718",""
"Spain","Electricity - total nuclear production","2010","Kilowatt-hours, million","61990",""
"Spain","Electricity - total nuclear production","2009","Kilowatt-hours, million","52761",""
"Spain","Electricity - total nuclear production","2008","Kilowatt-hours, million","58973",""
"Spain","Electricity - total nuclear production","2007","Kilowatt-hours, million","55103",""
"Spain","Electricity - total nuclear production","2006","Kilowatt-hours, million","60126",""
"Spain","Electricity - total nuclear production","2005","Kilowatt-hours, million","57539",""
"Spain","Electricity - total nuclear production","2004","Kilowatt-hours, million","63606",""
"Spain","Electricity - total nuclear production","2003","Kilowatt-hours, million","61875",""
"Spain","Electricity - total nuclear production","2002","Kilowatt-hours, million","63016",""
"Spain","Electricity - total nuclear production","2001","Kilowatt-hours, million","63708",""
"Spain","Electricity - total nuclear production","2000","Kilowatt-hours, million","62206",""
"Spain","Electricity - total nuclear production","1999","Kilowatt-hours, million","58852",""
"Spain","Electricity - total nuclear production","1998","Kilowatt-hours, million","58993",""
"Spain","Electricity - total nuclear production","1997","Kilowatt-hours, million","55298",""
"Spain","Electricity - total nuclear production","1996","Kilowatt-hours, million","56330",""
"Spain","Electricity - total nuclear production","1995","Kilowatt-hours, million","55455",""
"Spain","Electricity - total nuclear production","1994","Kilowatt-hours, million","55313",""
"Spain","Electricity - total nuclear production","1993","Kilowatt-hours, million","56060",""
"Spain","Electricity - total nuclear production","1992","Kilowatt-hours, million","55782",""
"Spain","Electricity - total nuclear production","1991","Kilowatt-hours, million","55578",""
"Spain","Electricity - total nuclear production","1990","Kilowatt-hours, million","54268",""
"Sweden","Electricity - total nuclear production","2020","Kilowatt-hours, million","49198",""
"Sweden","Electricity - total nuclear production","2019","Kilowatt-hours, million","66130",""
"Sweden","Electricity - total nuclear production","2018","Kilowatt-hours, million","68549",""
"Sweden","Electricity - total nuclear production","2017","Kilowatt-hours, million","65696",""
"Sweden","Electricity - total nuclear production","2016","Kilowatt-hours, million","63101",""
"Sweden","Electricity - total nuclear production","2015","Kilowatt-hours, million","56348",""
"Sweden","Electricity - total nuclear production","2014","Kilowatt-hours, million","64877",""
"Sweden","Electricity - total nuclear production","2013","Kilowatt-hours, million","66457",""
"Sweden","Electricity - total nuclear production","2012","Kilowatt-hours, million","64037",""
"Sweden","Electricity - total nuclear production","2011","Kilowatt-hours, million","60475",""
"Sweden","Electricity - total nuclear production","2010","Kilowatt-hours, million","57828",""
"Sweden","Electricity - total nuclear production","2009","Kilowatt-hours, million","52173",""
"Sweden","Electricity - total nuclear production","2008","Kilowatt-hours, million","63889",""
"Sweden","Electricity - total nuclear production","2007","Kilowatt-hours, million","66969",""
"Sweden","Electricity - total nuclear production","2006","Kilowatt-hours, million","66977",""
"Sweden","Electricity - total nuclear production","2005","Kilowatt-hours, million","72377",""
"Sweden","Electricity - total nuclear production","2004","Kilowatt-hours, million","77486",""
"Sweden","Electricity - total nuclear production","2003","Kilowatt-hours, million","67415",""
"Sweden","Electricity - total nuclear production","2002","Kilowatt-hours, million","68111",""
"Sweden","Electricity - total nuclear production","2001","Kilowatt-hours, million","72109",""
"Sweden","Electricity - total nuclear production","2000","Kilowatt-hours, million","57316",""
"Sweden","Electricity - total nuclear production","1999","Kilowatt-hours, million","73188",""
"Sweden","Electricity - total nuclear production","1998","Kilowatt-hours, million","73583",""
"Sweden","Electricity - total nuclear production","1997","Kilowatt-hours, million","69928",""
"Sweden","Electricity - total nuclear production","1996","Kilowatt-hours, million","74274",""
"Sweden","Electricity - total nuclear production","1995","Kilowatt-hours, million","69935",""
"Sweden","Electricity - total nuclear production","1994","Kilowatt-hours, million","73156",""
"Sweden","Electricity - total nuclear production","1993","Kilowatt-hours, million","61395",""
"Sweden","Electricity - total nuclear production","1992","Kilowatt-hours, million","63544",""
"Sweden","Electricity - total nuclear production","1991","Kilowatt-hours, million","76761",""
"Sweden","Electricity - total nuclear production","1990","Kilowatt-hours, million","68185",""
"Switzerland","Electricity - total nuclear production","2020","Kilowatt-hours, million","24024.55",""
"Switzerland","Electricity - total nuclear production","2019","Kilowatt-hours, million","26417.6",""
"Switzerland","Electricity - total nuclear production","2018","Kilowatt-hours, million","25512.63",""
"Switzerland","Electricity - total nuclear production","2017","Kilowatt-hours, million","20376.455",""
"Switzerland","Electricity - total nuclear production","2016","Kilowatt-hours, million","21146",""
"Switzerland","Electricity - total nuclear production","2015","Kilowatt-hours, million","23089",""
"Switzerland","Electricity - total nuclear production","2014","Kilowatt-hours, million","27557",""
"Switzerland","Electricity - total nuclear production","2013","Kilowatt-hours, million","25990",""
"Switzerland","Electricity - total nuclear production","2012","Kilowatt-hours, million","25441",""
"Switzerland","Electricity - total nuclear production","2011","Kilowatt-hours, million","26710",""
"Switzerland","Electricity - total nuclear production","2010","Kilowatt-hours, million","26339",""
"Switzerland","Electricity - total nuclear production","2009","Kilowatt-hours, million","27686",""
"Switzerland","Electricity - total nuclear production","2008","Kilowatt-hours, million","27700",""
"Switzerland","Electricity - total nuclear production","2007","Kilowatt-hours, million","27925",""
"Switzerland","Electricity - total nuclear production","2006","Kilowatt-hours, million","27819",""
"Switzerland","Electricity - total nuclear production","2005","Kilowatt-hours, million","23341",""
"Switzerland","Electricity - total nuclear production","2004","Kilowatt-hours, million","26958",""
"Switzerland","Electricity - total nuclear production","2003","Kilowatt-hours, million","27487",""
"Switzerland","Electricity - total nuclear production","2002","Kilowatt-hours, million","27234",""
"Switzerland","Electricity - total nuclear production","2001","Kilowatt-hours, million","26811",""
"Switzerland","Electricity - total nuclear production","2000","Kilowatt-hours, million","26446",""
"Switzerland","Electricity - total nuclear production","1999","Kilowatt-hours, million","25830",""
"Switzerland","Electricity - total nuclear production","1998","Kilowatt-hours, million","25830",""
"Switzerland","Electricity - total nuclear production","1997","Kilowatt-hours, million","25409",""
"Switzerland","Electricity - total nuclear production","1996","Kilowatt-hours, million","25142",""
"Switzerland","Electricity - total nuclear production","1995","Kilowatt-hours, million","24895",""
"Switzerland","Electricity - total nuclear production","1994","Kilowatt-hours, million","24363",""
"Switzerland","Electricity - total nuclear production","1993","Kilowatt-hours, million","23351",""
"Switzerland","Electricity - total nuclear production","1992","Kilowatt-hours, million","23448",""
"Switzerland","Electricity - total nuclear production","1991","Kilowatt-hours, million","22953",""
"Switzerland","Electricity - total nuclear production","1990","Kilowatt-hours, million","23636",""
"Ukraine","Electricity - total nuclear production","2020","Kilowatt-hours, million","76202.7",""
"Ukraine","Electricity - total nuclear production","2019","Kilowatt-hours, million","83002.7",""
"Ukraine","Electricity - total nuclear production","2018","Kilowatt-hours, million","84398",""
"Ukraine","Electricity - total nuclear production","2017","Kilowatt-hours, million","85576",""
"Ukraine","Electricity - total nuclear production","2016","Kilowatt-hours, million","80950",""
"Ukraine","Electricity - total nuclear production","2015","Kilowatt-hours, million","87627",""
"Ukraine","Electricity - total nuclear production","2014","Kilowatt-hours, million","88389",""
"Ukraine","Electricity - total nuclear production","2013","Kilowatt-hours, million","83209",""
"Ukraine","Electricity - total nuclear production","2012","Kilowatt-hours, million","90137",""
"Ukraine","Electricity - total nuclear production","2011","Kilowatt-hours, million","90248",""
"Ukraine","Electricity - total nuclear production","2010","Kilowatt-hours, million","89152",""
"Ukraine","Electricity - total nuclear production","2009","Kilowatt-hours, million","82924",""
"Ukraine","Electricity - total nuclear production","2008","Kilowatt-hours, million","89841",""
"Ukraine","Electricity - total nuclear production","2007","Kilowatt-hours, million","92542",""
"Ukraine","Electricity - total nuclear production","2006","Kilowatt-hours, million","90225",""
"Ukraine","Electricity - total nuclear production","2005","Kilowatt-hours, million","88756",""
"Ukraine","Electricity - total nuclear production","2004","Kilowatt-hours, million","87022",""
"Ukraine","Electricity - total nuclear production","2003","Kilowatt-hours, million","81406",""
"Ukraine","Electricity - total nuclear production","2002","Kilowatt-hours, million","77990",""
"Ukraine","Electricity - total nuclear production","2001","Kilowatt-hours, million","76169",""
"Ukraine","Electricity - total nuclear production","2000","Kilowatt-hours, million","77341",""
"Ukraine","Electricity - total nuclear production","1999","Kilowatt-hours, million","72065",""
"Ukraine","Electricity - total nuclear production","1998","Kilowatt-hours, million","75239",""
"Ukraine","Electricity - total nuclear production","1997","Kilowatt-hours, million","79433",""
"Ukraine","Electricity - total nuclear production","1996","Kilowatt-hours, million","79577",""
"Ukraine","Electricity - total nuclear production","1995","Kilowatt-hours, million","70823",""
"Ukraine","Electricity - total nuclear production","1994","Kilowatt-hours, million","68848",""
"Ukraine","Electricity - total nuclear production","1993","Kilowatt-hours, million","75243",""
"Ukraine","Electricity - total nuclear production","1992","Kilowatt-hours, million","73750",""
"United Kingdom","Electricity - total nuclear production","2020","Kilowatt-hours, million","50278.351",""
"United Kingdom","Electricity - total nuclear production","2019","Kilowatt-hours, million","56183.934",""
"United Kingdom","Electricity - total nuclear production","2018","Kilowatt-hours, million","65063.849",""
"United Kingdom","Electricity - total nuclear production","2017","Kilowatt-hours, million","70336.426",""
"United Kingdom","Electricity - total nuclear production","2016","Kilowatt-hours, million","71726",""
"United Kingdom","Electricity - total nuclear production","2015","Kilowatt-hours, million","70345",""
"United Kingdom","Electricity - total nuclear production","2014","Kilowatt-hours, million","63748",""
"United Kingdom","Electricity - total nuclear production","2013","Kilowatt-hours, million","70607",""
"United Kingdom","Electricity - total nuclear production","2012","Kilowatt-hours, million","70405",""
"United Kingdom","Electricity - total nuclear production","2011","Kilowatt-hours, million","68980",""
"United Kingdom","Electricity - total nuclear production","2010","Kilowatt-hours, million","62140",""
"United Kingdom","Electricity - total nuclear production","2009","Kilowatt-hours, million","69098",""
"United Kingdom","Electricity - total nuclear production","2008","Kilowatt-hours, million","52486",""
"United Kingdom","Electricity - total nuclear production","2007","Kilowatt-hours, million","63028",""
"United Kingdom","Electricity - total nuclear production","2006","Kilowatt-hours, million","75451",""
"United Kingdom","Electricity - total nuclear production","2005","Kilowatt-hours, million","81618",""
"United Kingdom","Electricity - total nuclear production","2004","Kilowatt-hours, million","79999",""
"United Kingdom","Electricity - total nuclear production","2003","Kilowatt-hours, million","88686",""
"United Kingdom","Electricity - total nuclear production","2002","Kilowatt-hours, million","87848",""
"United Kingdom","Electricity - total nuclear production","2001","Kilowatt-hours, million","90094",""
"United Kingdom","Electricity - total nuclear production","2000","Kilowatt-hours, million","85063",""
"United Kingdom","Electricity - total nuclear production","1999","Kilowatt-hours, million","95133",""
"United Kingdom","Electricity - total nuclear production","1998","Kilowatt-hours, million","99486",""
"United Kingdom","Electricity - total nuclear production","1997","Kilowatt-hours, million","98146",""
"United Kingdom","Electricity - total nuclear production","1996","Kilowatt-hours, million","94671",""
"United Kingdom","Electricity - total nuclear production","1995","Kilowatt-hours, million","88964",""
"United Kingdom","Electricity - total nuclear production","1994","Kilowatt-hours, million","88282",""
"United Kingdom","Electricity - total nuclear production","1993","Kilowatt-hours, million","89353",""
"United Kingdom","Electricity - total nuclear production","1992","Kilowatt-hours, million","76807",""
"United Kingdom","Electricity - total nuclear production","1991","Kilowatt-hours, million","70543",""
"United Kingdom","Electricity - total nuclear production","1990","Kilowatt-hours, million","65749",""
"United States","Electricity - total nuclear production","2020","Kilowatt-hours, million","823149.528",""
"United States","Electricity - total nuclear production","2019","Kilowatt-hours, million","843330.055",""
"United States","Electricity - total nuclear production","2018","Kilowatt-hours, million","841328.625",""
"United States","Electricity - total nuclear production","2017","Kilowatt-hours, million","838861.365",""
"United States","Electricity - total nuclear production","2016","Kilowatt-hours, million","839918",""
"United States","Electricity - total nuclear production","2015","Kilowatt-hours, million","830288",""
"United States","Electricity - total nuclear production","2014","Kilowatt-hours, million","830584",""
"United States","Electricity - total nuclear production","2013","Kilowatt-hours, million","822004",""
"United States","Electricity - total nuclear production","2012","Kilowatt-hours, million","801129",""
"United States","Electricity - total nuclear production","2011","Kilowatt-hours, million","821405",""
"United States","Electricity - total nuclear production","2010","Kilowatt-hours, million","838931",""
"United States","Electricity - total nuclear production","2009","Kilowatt-hours, million","830210",""
"United States","Electricity - total nuclear production","2008","Kilowatt-hours, million","837804",""
"United States","Electricity - total nuclear production","2007","Kilowatt-hours, million","836634",""
"United States","Electricity - total nuclear production","2006","Kilowatt-hours, million","816195",""
"United States","Electricity - total nuclear production","2005","Kilowatt-hours, million","810726",""
"United States","Electricity - total nuclear production","2004","Kilowatt-hours, million","813339",""
"United States","Electricity - total nuclear production","2003","Kilowatt-hours, million","787818",""
"United States","Electricity - total nuclear production","2002","Kilowatt-hours, million","804519",""
"United States","Electricity - total nuclear production","2001","Kilowatt-hours, million","792604",""
"United States","Electricity - total nuclear production","2000","Kilowatt-hours, million","797718",""
"United States","Electricity - total nuclear production","1999","Kilowatt-hours, million","771811",""
"United States","Electricity - total nuclear production","1998","Kilowatt-hours, million","714124",""
"United States","Electricity - total nuclear production","1997","Kilowatt-hours, million","666363",""
"United States","Electricity - total nuclear production","1996","Kilowatt-hours, million","715212",""
"United States","Electricity - total nuclear production","1995","Kilowatt-hours, million","713806",""
"United States","Electricity - total nuclear production","1994","Kilowatt-hours, million","678920",""
"United States","Electricity - total nuclear production","1993","Kilowatt-hours, million","646987",""
"United States","Electricity - total nuclear production","1992","Kilowatt-hours, million","655970",""
"United States","Electricity - total nuclear production","1991","Kilowatt-hours, million","649399",""
"United States","Electricity - total nuclear production","1990","Kilowatt-hours, million","611589",""
"USSR (former)","Electricity - total nuclear production","1991","Kilowatt-hours, million","212000",""
"USSR (former)","Electricity - total nuclear production","1990","Kilowatt-hours, million","212000",""
"Yugoslavia, SFR (former)","Electricity - total nuclear production","1991","Kilowatt-hours, million","4390","1"
"Yugoslavia, SFR (former)","Electricity - total nuclear production","1990","Kilowatt-hours, million","4622",""

"fnSeqID","Footnote"
"1","Estimate"
