"Country or Area","Commodity - Transaction","Year","Unit","Quantity","Quantity Footnotes"
"Algeria","Uranium - reasonably assured reserves","2011","Metric Tons","19500",""
"Argentina","Uranium - production","2004","Metric Tons","1",""
"Argentina","Uranium - production","1998","Metric Tons","7",""
"Argentina","Uranium - production","1997","Metric Tons","30",""
"Argentina","Uranium - production","1996","Metric Tons","16",""
"Argentina","Uranium - production","1995","Metric Tons","65",""
"Argentina","Uranium - production","1994","Metric Tons","79",""
"Argentina","Uranium - production","1993","Metric Tons","126",""
"Argentina","Uranium - production","1992","Metric Tons","123",""
"Argentina","Uranium - production","1991","Metric Tons","18",""
"Argentina","Uranium - production","1990","Metric Tons","9",""
"Argentina","Uranium - reasonably assured reserves","2011","Metric Tons","8600",""
"Argentina","Uranium - estimated additional reserves","2011","Metric Tons","11000",""
"Australia","Uranium - production","2021","Metric Tons","4192",""
"Australia","Uranium - production","2020","Metric Tons","6203",""
"Australia","Uranium - production","2019","Metric Tons","6613",""
"Australia","Uranium - production","2018","Metric Tons","6517",""
"Australia","Uranium - production","2017","Metric Tons","5882",""
"Australia","Uranium - production","2016","Metric Tons","6315",""
"Australia","Uranium - production","2015","Metric Tons","5654",""
"Australia","Uranium - production","2014","Metric Tons","5001",""
"Australia","Uranium - production","2013","Metric Tons","6350",""
"Australia","Uranium - production","2012","Metric Tons","7009",""
"Australia","Uranium - production","2011","Metric Tons","5967",""
"Australia","Uranium - production","2010","Metric Tons","5900",""
"Australia","Uranium - production","2009","Metric Tons","7934",""
"Australia","Uranium - production","2008","Metric Tons","8433",""
"Australia","Uranium - production","2007","Metric Tons","8602",""
"Australia","Uranium - production","2006","Metric Tons","7593",""
"Australia","Uranium - production","2005","Metric Tons","9512",""
"Australia","Uranium - production","2004","Metric Tons","8982",""
"Australia","Uranium - production","2003","Metric Tons","7573",""
"Australia","Uranium - production","2002","Metric Tons","6854",""
"Australia","Uranium - production","2001","Metric Tons","7720",""
"Australia","Uranium - production","2000","Metric Tons","7579",""
"Australia","Uranium - production","1999","Metric Tons","5984",""
"Australia","Uranium - production","1998","Metric Tons","4894",""
"Australia","Uranium - production","1997","Metric Tons","5488",""
"Australia","Uranium - production","1996","Metric Tons","4975",""
"Australia","Uranium - production","1995","Metric Tons","3712",""
"Australia","Uranium - production","1994","Metric Tons","2208",""
"Australia","Uranium - production","1993","Metric Tons","2256",""
"Australia","Uranium - production","1992","Metric Tons","2334",""
"Australia","Uranium - production","1991","Metric Tons","3776",""
"Australia","Uranium - production","1990","Metric Tons","3530",""
"Australia","Uranium - reasonably assured reserves","2014","Metric Tons","1174000",""
"Australia","Uranium - reasonably assured reserves","2011","Metric Tons","1180100",""
"Australia","Uranium - estimated additional reserves","2011","Metric Tons","558700",""
"Belgium","Uranium - production","1998","Metric Tons","15",""
"Belgium","Uranium - production","1997","Metric Tons","27",""
"Belgium","Uranium - production","1996","Metric Tons","28",""
"Belgium","Uranium - production","1995","Metric Tons","25",""
"Belgium","Uranium - production","1994","Metric Tons","40",""
"Belgium","Uranium - production","1993","Metric Tons","34",""
"Belgium","Uranium - production","1992","Metric Tons","36",""
"Belgium","Uranium - production","1991","Metric Tons","38",""
"Belgium","Uranium - production","1990","Metric Tons","39",""
"Botswana","Uranium - reasonably assured reserves","2011","Metric Tons","23100",""
"Botswana","Uranium - estimated additional reserves","2011","Metric Tons","59100",""
"Brazil","Uranium - production","2020","Metric Tons","20",""
"Brazil","Uranium - production","2019","Metric Tons","0",""
"Brazil","Uranium - production","2018","Metric Tons","0",""
"Brazil","Uranium - production","2017","Metric Tons","0",""
"Brazil","Uranium - production","2016","Metric Tons","0",""
"Brazil","Uranium - production","2015","Metric Tons","51",""
"Brazil","Uranium - production","2014","Metric Tons","67",""
"Brazil","Uranium - production","2013","Metric Tons","234",""
"Brazil","Uranium - production","2012","Metric Tons","383",""
"Brazil","Uranium - production","2011","Metric Tons","415",""
"Brazil","Uranium - production","2010","Metric Tons","174",""
"Brazil","Uranium - production","2009","Metric Tons","338",""
"Brazil","Uranium - production","2008","Metric Tons","390",""
"Brazil","Uranium - production","2007","Metric Tons","357",""
"Brazil","Uranium - production","2006","Metric Tons","231",""
"Brazil","Uranium - production","2005","Metric Tons","129",""
"Brazil","Uranium - production","2004","Metric Tons","352",""
"Brazil","Uranium - production","2003","Metric Tons","271",""
"Brazil","Uranium - production","2002","Metric Tons","339",""
"Brazil","Uranium - production","2001","Metric Tons","66",""
"Brazil","Uranium - production","2000","Metric Tons","11",""
"Brazil","Uranium - production","1999","Metric Tons","0",""
"Brazil","Uranium - production","1998","Metric Tons","0",""
"Brazil","Uranium - production","1997","Metric Tons","0",""
"Brazil","Uranium - production","1996","Metric Tons","0",""
"Brazil","Uranium - production","1995","Metric Tons","106",""
"Brazil","Uranium - production","1994","Metric Tons","106",""
"Brazil","Uranium - production","1993","Metric Tons","24",""
"Brazil","Uranium - production","1992","Metric Tons","0",""
"Brazil","Uranium - production","1991","Metric Tons","0",""
"Brazil","Uranium - production","1990","Metric Tons","5",""
"Brazil","Uranium - reasonably assured reserves","2014","Metric Tons","155100",""
"Brazil","Uranium - reasonably assured reserves","2011","Metric Tons","155700",""
"Brazil","Uranium - estimated additional reserves","2011","Metric Tons","121000",""
"Bulgaria","Uranium - production","2010","Metric Tons","1",""
"Bulgaria","Uranium - production","2009","Metric Tons","1",""
"Bulgaria","Uranium - production","2008","Metric Tons","1",""
"Bulgaria","Uranium - production","1994","Metric Tons","70",""
"Bulgaria","Uranium - production","1993","Metric Tons","100",""
"Bulgaria","Uranium - production","1992","Metric Tons","150",""
"Bulgaria","Uranium - production","1991","Metric Tons","240",""
"Bulgaria","Uranium - production","1990","Metric Tons","405",""
"Canada","Uranium - production","2021","Metric Tons","4693",""
"Canada","Uranium - production","2020","Metric Tons","3885",""
"Canada","Uranium - production","2019","Metric Tons","6938",""
"Canada","Uranium - production","2018","Metric Tons","7001",""
"Canada","Uranium - production","2017","Metric Tons","13116",""
"Canada","Uranium - production","2016","Metric Tons","14039",""
"Canada","Uranium - production","2015","Metric Tons","11709",""
"Canada","Uranium - production","2014","Metric Tons","9134",""
"Canada","Uranium - production","2013","Metric Tons","9000",""
"Canada","Uranium - production","2012","Metric Tons","8998",""
"Canada","Uranium - production","2011","Metric Tons","9145",""
"Canada","Uranium - production","2010","Metric Tons","9775",""
"Canada","Uranium - production","2009","Metric Tons","10174",""
"Canada","Uranium - production","2008","Metric Tons","9000",""
"Canada","Uranium - production","2007","Metric Tons","9476",""
"Canada","Uranium - production","2006","Metric Tons","9862",""
"Canada","Uranium - production","2005","Metric Tons","11628",""
"Canada","Uranium - production","2004","Metric Tons","11597",""
"Canada","Uranium - production","2003","Metric Tons","10455",""
"Canada","Uranium - production","2002","Metric Tons","11607",""
"Canada","Uranium - production","2001","Metric Tons","12522",""
"Canada","Uranium - production","2000","Metric Tons","10683",""
"Canada","Uranium - production","1999","Metric Tons","8214",""
"Canada","Uranium - production","1998","Metric Tons","10922",""
"Canada","Uranium - production","1997","Metric Tons","12031",""
"Canada","Uranium - production","1996","Metric Tons","11706",""
"Canada","Uranium - production","1995","Metric Tons","10473",""
"Canada","Uranium - production","1994","Metric Tons","9647",""
"Canada","Uranium - production","1993","Metric Tons","9155",""
"Canada","Uranium - production","1992","Metric Tons","9297",""
"Canada","Uranium - production","1991","Metric Tons","8160",""
"Canada","Uranium - production","1990","Metric Tons","8729",""
"Canada","Uranium - reasonably assured reserves","2014","Metric Tons","357500",""
"Canada","Uranium - reasonably assured reserves","2011","Metric Tons","421900",""
"Canada","Uranium - estimated additional reserves","2011","Metric Tons","192500",""
"Central African Rep.","Uranium - reasonably assured reserves","2011","Metric Tons","12000",""
"Chile","Uranium - reasonably assured reserves","2011","Metric Tons","700",""
"Chile","Uranium - estimated additional reserves","2011","Metric Tons","1200",""
"China","Uranium - production","2021","Metric Tons","1885",""
"China","Uranium - production","2020","Metric Tons","1885",""
"China","Uranium - production","2019","Metric Tons","1885",""
"China","Uranium - production","2018","Metric Tons","1885",""
"China","Uranium - production","2017","Metric Tons","1885",""
"China","Uranium - production","2016","Metric Tons","1616",""
"China","Uranium - production","2015","Metric Tons","1616",""
"China","Uranium - production","2014","Metric Tons","1500",""
"China","Uranium - production","2013","Metric Tons","1450",""
"China","Uranium - production","2012","Metric Tons","1450",""
"China","Uranium - production","2011","Metric Tons","1400",""
"China","Uranium - production","2010","Metric Tons","1350",""
"China","Uranium - production","2009","Metric Tons","1200",""
"China","Uranium - production","2008","Metric Tons","770",""
"China","Uranium - production","2007","Metric Tons","710",""
"China","Uranium - production","2006","Metric Tons","750",""
"China","Uranium - production","2005","Metric Tons","750",""
"China","Uranium - production","2004","Metric Tons","730","1"
"China","Uranium - production","2003","Metric Tons","730","1"
"China","Uranium - production","2002","Metric Tons","730","1"
"China","Uranium - production","2001","Metric Tons","700","1"
"China","Uranium - production","2000","Metric Tons","700","1"
"China","Uranium - production","1999","Metric Tons","700",""
"China","Uranium - production","1998","Metric Tons","590",""
"China","Uranium - production","1997","Metric Tons","570",""
"China","Uranium - production","1996","Metric Tons","560",""
"China","Uranium - production","1995","Metric Tons","500",""
"China","Uranium - production","1994","Metric Tons","480",""
"China","Uranium - production","1993","Metric Tons","780",""
"China","Uranium - production","1992","Metric Tons","955",""
"China","Uranium - production","1991","Metric Tons","800",""
"China","Uranium - production","1990","Metric Tons","800",""
"China","Uranium - reasonably assured reserves","2014","Metric Tons","120000",""
"China","Uranium - reasonably assured reserves","2011","Metric Tons","109500",""
"China","Uranium - estimated additional reserves","2011","Metric Tons","56600",""
"Czechia","Uranium - production","2020","Metric Tons","0",""
"Czechia","Uranium - production","2019","Metric Tons","0",""
"Czechia","Uranium - production","2018","Metric Tons","0",""
"Czechia","Uranium - production","2017","Metric Tons","70",""
"Czechia","Uranium - production","2016","Metric Tons","138",""
"Czechia","Uranium - production","2015","Metric Tons","155",""
"Czechia","Uranium - production","2014","Metric Tons","193",""
"Czechia","Uranium - production","2013","Metric Tons","215",""
"Czechia","Uranium - production","2012","Metric Tons","228",""
"Czechia","Uranium - production","2011","Metric Tons","229",""
"Czechia","Uranium - production","2010","Metric Tons","254",""
"Czechia","Uranium - production","2009","Metric Tons","258",""
"Czechia","Uranium - production","2008","Metric Tons","275",""
"Czechia","Uranium - production","2007","Metric Tons","307",""
"Czechia","Uranium - production","2006","Metric Tons","375",""
"Czechia","Uranium - production","2005","Metric Tons","409",""
"Czechia","Uranium - production","2004","Metric Tons","412",""
"Czechia","Uranium - production","2003","Metric Tons","452",""
"Czechia","Uranium - production","2002","Metric Tons","465",""
"Czechia","Uranium - production","2001","Metric Tons","456",""
"Czechia","Uranium - production","2000","Metric Tons","507",""
"Czechia","Uranium - production","1999","Metric Tons","612",""
"Czechia","Uranium - production","1998","Metric Tons","610",""
"Czechia","Uranium - production","1997","Metric Tons","603",""
"Czechia","Uranium - production","1996","Metric Tons","604",""
"Czechia","Uranium - production","1995","Metric Tons","600",""
"Czechia","Uranium - production","1994","Metric Tons","541",""
"Czechia","Uranium - production","1993","Metric Tons","950",""
"Czechia","Uranium - reasonably assured reserves","2014","Metric Tons","1300",""
"Czechia","Uranium - reasonably assured reserves","2011","Metric Tons","300",""
"Czechia","Uranium - estimated additional reserves","2011","Metric Tons","100",""
"Dem. Rep. of the Congo","Uranium - production","1999","Metric Tons","0",""
"Dem. Rep. of the Congo","Uranium - production","1998","Metric Tons","0",""
"Dem. Rep. of the Congo","Uranium - production","1997","Metric Tons","0",""
"Dem. Rep. of the Congo","Uranium - production","1996","Metric Tons","0",""
"Dem. Rep. of the Congo","Uranium - production","1995","Metric Tons","0",""
"Dem. Rep. of the Congo","Uranium - production","1994","Metric Tons","0",""
"Dem. Rep. of the Congo","Uranium - production","1993","Metric Tons","0",""
"Dem. Rep. of the Congo","Uranium - production","1992","Metric Tons","0",""
"Dem. Rep. of the Congo","Uranium - production","1991","Metric Tons","0",""
"Dem. Rep. of the Congo","Uranium - production","1990","Metric Tons","0",""
"Dem. Rep. of the Congo","Uranium - reasonably assured reserves","2011","Metric Tons","1400",""
"Dem. Rep. of the Congo","Uranium - estimated additional reserves","2011","Metric Tons","1300",""
"Egypt","Uranium - estimated additional reserves","2011","Metric Tons","1900",""
"Finland","Uranium - production","1990","Metric Tons","0",""
"Finland","Uranium - reasonably assured reserves","2011","Metric Tons","1100",""
"France","Uranium - production","2020","Metric Tons","0",""
"France","Uranium - production","2019","Metric Tons","2",""
"France","Uranium - production","2018","Metric Tons","0",""
"France","Uranium - production","2017","Metric Tons","2",""
"France","Uranium - production","2016","Metric Tons","3",""
"France","Uranium - production","2015","Metric Tons","2",""
"France","Uranium - production","2014","Metric Tons","3",""
"France","Uranium - production","2013","Metric Tons","3",""
"France","Uranium - production","2012","Metric Tons","3",""
"France","Uranium - production","2011","Metric Tons","6",""
"France","Uranium - production","2010","Metric Tons","9",""
"France","Uranium - production","2009","Metric Tons","8",""
"France","Uranium - production","2008","Metric Tons","5",""
"France","Uranium - production","2007","Metric Tons","2",""
"France","Uranium - production","2006","Metric Tons","3",""
"France","Uranium - production","2005","Metric Tons","4",""
"France","Uranium - production","2004","Metric Tons","6",""
"France","Uranium - production","2003","Metric Tons","9",""
"France","Uranium - production","2002","Metric Tons","18",""
"France","Uranium - production","2001","Metric Tons","184",""
"France","Uranium - production","2000","Metric Tons","296",""
"France","Uranium - production","1999","Metric Tons","416",""
"France","Uranium - production","1998","Metric Tons","452",""
"France","Uranium - production","1997","Metric Tons","572",""
"France","Uranium - production","1996","Metric Tons","930",""
"France","Uranium - production","1995","Metric Tons","1016",""
"France","Uranium - production","1994","Metric Tons","1053",""
"France","Uranium - production","1993","Metric Tons","1730",""
"France","Uranium - production","1992","Metric Tons","2149",""
"France","Uranium - production","1991","Metric Tons","2477",""
"France","Uranium - production","1990","Metric Tons","2841",""
"France","Uranium - reasonably assured reserves","2011","Metric Tons","11500",""
"France","Uranium - estimated additional reserves","2011","Metric Tons","100",""
"Gabon","Uranium - production","1999","Metric Tons","730",""
"Gabon","Uranium - production","1998","Metric Tons","725",""
"Gabon","Uranium - production","1997","Metric Tons","517",""
"Gabon","Uranium - production","1996","Metric Tons","601",""
"Gabon","Uranium - production","1995","Metric Tons","652",""
"Gabon","Uranium - production","1994","Metric Tons","650",""
"Gabon","Uranium - production","1993","Metric Tons","556",""
"Gabon","Uranium - production","1992","Metric Tons","589",""
"Gabon","Uranium - production","1991","Metric Tons","678",""
"Gabon","Uranium - production","1990","Metric Tons","709",""
"Gabon","Uranium - reasonably assured reserves","2011","Metric Tons","4800",""
"Gabon","Uranium - estimated additional reserves","2011","Metric Tons","1000",""
"Germany","Uranium - production","2020","Metric Tons","0",""
"Germany","Uranium - production","2019","Metric Tons","30",""
"Germany","Uranium - production","2018","Metric Tons","0",""
"Germany","Uranium - production","2017","Metric Tons","34",""
"Germany","Uranium - production","2016","Metric Tons","45",""
"Germany","Uranium - production","2015","Metric Tons","0",""
"Germany","Uranium - production","2014","Metric Tons","33",""
"Germany","Uranium - production","2013","Metric Tons","30",""
"Germany","Uranium - production","2012","Metric Tons","50",""
"Germany","Uranium - production","2011","Metric Tons","51",""
"Germany","Uranium - production","2010","Metric Tons","8",""
"Germany","Uranium - production","2009","Metric Tons","0",""
"Germany","Uranium - production","2008","Metric Tons","0",""
"Germany","Uranium - production","2007","Metric Tons","41",""
"Germany","Uranium - production","2006","Metric Tons","65",""
"Germany","Uranium - production","2005","Metric Tons","94",""
"Germany","Uranium - production","2004","Metric Tons","77",""
"Germany","Uranium - production","2003","Metric Tons","150",""
"Germany","Uranium - production","2002","Metric Tons","221",""
"Germany","Uranium - production","2001","Metric Tons","27",""
"Germany","Uranium - production","2000","Metric Tons","28",""
"Germany","Uranium - production","1999","Metric Tons","29",""
"Germany","Uranium - production","1998","Metric Tons","30",""
"Germany","Uranium - production","1997","Metric Tons","28",""
"Germany","Uranium - production","1996","Metric Tons","39",""
"Germany","Uranium - production","1995","Metric Tons","35",""
"Germany","Uranium - production","1994","Metric Tons","47",""
"Germany","Uranium - production","1993","Metric Tons","116",""
"Germany","Uranium - production","1992","Metric Tons","232",""
"Germany","Uranium - production","1991","Metric Tons","1207",""
"Germany","Uranium - reasonably assured reserves","2011","Metric Tons","3000",""
"Germany","Uranium - estimated additional reserves","2011","Metric Tons","4000",""
"Germany, Fed. R. (former)","Uranium - production","1990","Metric Tons","2972",""
"Greece","Uranium - reasonably assured reserves","2011","Metric Tons","1000",""
"Greece","Uranium - estimated additional reserves","2011","Metric Tons","6000",""
"Greenland","Uranium - estimated additional reserves","2011","Metric Tons","134700",""
"Hungary","Uranium - production","2020","Metric Tons","3","1"
"Hungary","Uranium - production","2019","Metric Tons","3",""
"Hungary","Uranium - production","2018","Metric Tons","5",""
"Hungary","Uranium - production","2017","Metric Tons","3",""
"Hungary","Uranium - production","2016","Metric Tons","4",""
"Hungary","Uranium - production","2015","Metric Tons","4",""
"Hungary","Uranium - production","2014","Metric Tons","2",""
"Hungary","Uranium - production","2013","Metric Tons","3",""
"Hungary","Uranium - production","2012","Metric Tons","1",""
"Hungary","Uranium - production","2011","Metric Tons","2",""
"Hungary","Uranium - production","2010","Metric Tons","6",""
"Hungary","Uranium - production","2009","Metric Tons","1",""
"Hungary","Uranium - production","2008","Metric Tons","1",""
"Hungary","Uranium - production","2007","Metric Tons","1",""
"Hungary","Uranium - production","2006","Metric Tons","2",""
"Hungary","Uranium - production","2005","Metric Tons","3",""
"Hungary","Uranium - production","2004","Metric Tons","2",""
"Hungary","Uranium - production","2003","Metric Tons","4",""
"Hungary","Uranium - production","2002","Metric Tons","10",""
"Hungary","Uranium - production","2001","Metric Tons","10",""
"Hungary","Uranium - production","2000","Metric Tons","10",""
"Hungary","Uranium - production","1999","Metric Tons","10",""
"Hungary","Uranium - production","1998","Metric Tons","10",""
"Hungary","Uranium - production","1997","Metric Tons","200",""
"Hungary","Uranium - production","1996","Metric Tons","200",""
"Hungary","Uranium - production","1995","Metric Tons","210",""
"Hungary","Uranium - production","1994","Metric Tons","413",""
"Hungary","Uranium - production","1993","Metric Tons","380",""
"Hungary","Uranium - production","1992","Metric Tons","430",""
"Hungary","Uranium - production","1991","Metric Tons","417",""
"Hungary","Uranium - production","1990","Metric Tons","490",""
"Hungary","Uranium - estimated additional reserves","2011","Metric Tons","8600",""
"India","Uranium - production","2021","Metric Tons","615",""
"India","Uranium - production","2020","Metric Tons","400",""
"India","Uranium - production","2019","Metric Tons","308",""
"India","Uranium - production","2018","Metric Tons","423",""
"India","Uranium - production","2017","Metric Tons","421",""
"India","Uranium - production","2016","Metric Tons","385",""
"India","Uranium - production","2015","Metric Tons","385",""
"India","Uranium - production","2014","Metric Tons","385",""
"India","Uranium - production","2013","Metric Tons","400",""
"India","Uranium - production","2012","Metric Tons","385",""
"India","Uranium - production","2011","Metric Tons","400",""
"India","Uranium - production","2010","Metric Tons","400",""
"India","Uranium - production","2009","Metric Tons","290",""
"India","Uranium - production","2008","Metric Tons","250",""
"India","Uranium - production","2007","Metric Tons","250",""
"India","Uranium - production","2006","Metric Tons","230",""
"India","Uranium - production","2005","Metric Tons","230",""
"India","Uranium - production","2004","Metric Tons","230","1"
"India","Uranium - production","2003","Metric Tons","230","1"
"India","Uranium - production","2002","Metric Tons","230","1"
"India","Uranium - production","2001","Metric Tons","230","1"
"India","Uranium - production","2000","Metric Tons","207","1"
"India","Uranium - production","1999","Metric Tons","207",""
"India","Uranium - production","1998","Metric Tons","207",""
"India","Uranium - production","1997","Metric Tons","207",""
"India","Uranium - production","1996","Metric Tons","207",""
"India","Uranium - production","1995","Metric Tons","155",""
"India","Uranium - production","1994","Metric Tons","155",""
"India","Uranium - production","1993","Metric Tons","148",""
"India","Uranium - production","1992","Metric Tons","150",""
"India","Uranium - production","1991","Metric Tons","200",""
"India","Uranium - production","1990","Metric Tons","230",""
"India","Uranium - reasonably assured reserves","2011","Metric Tons","77000",""
"India","Uranium - estimated additional reserves","2011","Metric Tons","27900",""
"Indonesia","Uranium - reasonably assured reserves","2011","Metric Tons","8400",""
"Indonesia","Uranium - estimated additional reserves","2011","Metric Tons","2200",""
"Iran (Islamic Rep. of)","Uranium - production","2021","Metric Tons","71",""
"Iran (Islamic Rep. of)","Uranium - production","2020","Metric Tons","71",""
"Iran (Islamic Rep. of)","Uranium - production","2019","Metric Tons","71",""
"Iran (Islamic Rep. of)","Uranium - production","2018","Metric Tons","71",""
"Iran (Islamic Rep. of)","Uranium - production","2017","Metric Tons","40",""
"Iran (Islamic Rep. of)","Uranium - production","2016","Metric Tons","0",""
"Iran (Islamic Rep. of)","Uranium - production","2015","Metric Tons","38",""
"Iran (Islamic Rep. of)","Uranium - production","2014","Metric Tons","11",""
"Iran (Islamic Rep. of)","Uranium - production","2013","Metric Tons","8",""
"Iran (Islamic Rep. of)","Uranium - production","2012","Metric Tons","24",""
"Iran (Islamic Rep. of)","Uranium - production","2011","Metric Tons","12",""
"Iran (Islamic Rep. of)","Uranium - production","2010","Metric Tons","7.3",""
"Iran (Islamic Rep. of)","Uranium - production","2009","Metric Tons","8.14",""
"Iran (Islamic Rep. of)","Uranium - production","2008","Metric Tons","6.26",""
"Iran (Islamic Rep. of)","Uranium - production","2007","Metric Tons","5",""
"Iran (Islamic Rep. of)","Uranium - production","2006","Metric Tons","6",""
"Iran (Islamic Rep. of)","Uranium - production","2005","Metric Tons","0",""
"Iran (Islamic Rep. of)","Uranium - production","2004","Metric Tons","0",""
"Iran (Islamic Rep. of)","Uranium - production","2003","Metric Tons","0",""
"Iran (Islamic Rep. of)","Uranium - production","2002","Metric Tons","0",""
"Iran (Islamic Rep. of)","Uranium - reasonably assured reserves","2011","Metric Tons","700",""
"Iran (Islamic Rep. of)","Uranium - estimated additional reserves","2011","Metric Tons","1800",""
"Italy","Uranium - reasonably assured reserves","2011","Metric Tons","4800",""
"Italy","Uranium - estimated additional reserves","2011","Metric Tons","1300",""
"Japan","Uranium - reasonably assured reserves","2011","Metric Tons","6600",""
"Jordan","Uranium - reasonably assured reserves","2011","Metric Tons","0",""
"Jordan","Uranium - estimated additional reserves","2011","Metric Tons","33800",""
"Kazakhstan","Uranium - production","2020","Metric Tons","19477",""
"Kazakhstan","Uranium - production","2019","Metric Tons","22808",""
"Kazakhstan","Uranium - production","2018","Metric Tons","21705",""
"Kazakhstan","Uranium - production","2017","Metric Tons","23391",""
"Kazakhstan","Uranium - production","2016","Metric Tons","24575",""
"Kazakhstan","Uranium - production","2015","Metric Tons","23800",""
"Kazakhstan","Uranium - production","2014","Metric Tons","23127",""
"Kazakhstan","Uranium - production","2013","Metric Tons","22500",""
"Kazakhstan","Uranium - production","2012","Metric Tons","21240",""
"Kazakhstan","Uranium - production","2011","Metric Tons","19450",""
"Kazakhstan","Uranium - production","2010","Metric Tons","17803",""
"Kazakhstan","Uranium - production","2009","Metric Tons","14020",""
"Kazakhstan","Uranium - production","2008","Metric Tons","8512",""
"Kazakhstan","Uranium - production","2007","Metric Tons","6633",""
"Kazakhstan","Uranium - production","2006","Metric Tons","5281",""
"Kazakhstan","Uranium - production","2005","Metric Tons","4346",""
"Kazakhstan","Uranium - production","2004","Metric Tons","3719",""
"Kazakhstan","Uranium - production","2003","Metric Tons","3327",""
"Kazakhstan","Uranium - production","2002","Metric Tons","2826",""
"Kazakhstan","Uranium - production","2001","Metric Tons","2114",""
"Kazakhstan","Uranium - production","2000","Metric Tons","1870",""
"Kazakhstan","Uranium - production","1999","Metric Tons","1560",""
"Kazakhstan","Uranium - production","1998","Metric Tons","1270",""
"Kazakhstan","Uranium - production","1997","Metric Tons","1090",""
"Kazakhstan","Uranium - production","1996","Metric Tons","1210",""
"Kazakhstan","Uranium - production","1995","Metric Tons","1630",""
"Kazakhstan","Uranium - production","1994","Metric Tons","2240",""
"Kazakhstan","Uranium - production","1993","Metric Tons","2700",""
"Kazakhstan","Uranium - production","1992","Metric Tons","2802",""
"Kazakhstan","Uranium - reasonably assured reserves","2014","Metric Tons","285600",""
"Kazakhstan","Uranium - reasonably assured reserves","2011","Metric Tons","402400",""
"Kazakhstan","Uranium - estimated additional reserves","2011","Metric Tons","417300",""
"Malawi","Uranium - production","2021","Metric Tons","0",""
"Malawi","Uranium - production","2020","Metric Tons","0",""
"Malawi","Uranium - production","2019","Metric Tons","0",""
"Malawi","Uranium - production","2018","Metric Tons","0",""
"Malawi","Uranium - production","2017","Metric Tons","0",""
"Malawi","Uranium - production","2016","Metric Tons","0",""
"Malawi","Uranium - production","2015","Metric Tons","0",""
"Malawi","Uranium - production","2014","Metric Tons","1065",""
"Malawi","Uranium - production","2013","Metric Tons","1347",""
"Malawi","Uranium - production","2012","Metric Tons","1103",""
"Malawi","Uranium - production","2011","Metric Tons","842",""
"Malawi","Uranium - production","2010","Metric Tons","681",""
"Malawi","Uranium - production","2009","Metric Tons","90",""
"Malawi","Uranium - production","2008","Metric Tons","0",""
"Malawi","Uranium - production","2007","Metric Tons","0",""
"Malawi","Uranium - production","2006","Metric Tons","0",""
"Malawi","Uranium - production","2005","Metric Tons","0",""
"Malawi","Uranium - reasonably assured reserves","2014","Metric Tons","8200",""
"Malawi","Uranium - reasonably assured reserves","2011","Metric Tons","11300",""
"Malawi","Uranium - estimated additional reserves","2011","Metric Tons","5700",""
"Mexico","Uranium - reasonably assured reserves","2011","Metric Tons","2800",""
"Mexico","Uranium - estimated additional reserves","2011","Metric Tons","0",""
"Mongolia","Uranium - production","1998","Metric Tons","0",""
"Mongolia","Uranium - production","1997","Metric Tons","0",""
"Mongolia","Uranium - production","1996","Metric Tons","0",""
"Mongolia","Uranium - production","1995","Metric Tons","20",""
"Mongolia","Uranium - production","1994","Metric Tons","72",""
"Mongolia","Uranium - production","1993","Metric Tons","54",""
"Mongolia","Uranium - production","1992","Metric Tons","105",""
"Mongolia","Uranium - production","1991","Metric Tons","101",""
"Mongolia","Uranium - production","1990","Metric Tons","89",""
"Mongolia","Uranium - reasonably assured reserves","2011","Metric Tons","30600",""
"Mongolia","Uranium - estimated additional reserves","2011","Metric Tons","25100",""
"Namibia","Uranium - production","2021","Metric Tons","5753",""
"Namibia","Uranium - production","2020","Metric Tons","5413",""
"Namibia","Uranium - production","2019","Metric Tons","5476",""
"Namibia","Uranium - production","2018","Metric Tons","5525",""
"Namibia","Uranium - production","2017","Metric Tons","4224",""
"Namibia","Uranium - production","2016","Metric Tons","3654",""
"Namibia","Uranium - production","2015","Metric Tons","2993",""
"Namibia","Uranium - production","2014","Metric Tons","3255",""
"Namibia","Uranium - production","2013","Metric Tons","5627",""
"Namibia","Uranium - production","2012","Metric Tons","5026",""
"Namibia","Uranium - production","2011","Metric Tons","3954",""
"Namibia","Uranium - production","2010","Metric Tons","4503",""
"Namibia","Uranium - production","2009","Metric Tons","4626",""
"Namibia","Uranium - production","2008","Metric Tons","4365",""
"Namibia","Uranium - production","2007","Metric Tons","2832",""
"Namibia","Uranium - production","2006","Metric Tons","3076",""
"Namibia","Uranium - production","2005","Metric Tons","3146",""
"Namibia","Uranium - production","2004","Metric Tons","3038",""
"Namibia","Uranium - production","2003","Metric Tons","2037","1"
"Namibia","Uranium - production","2002","Metric Tons","2333",""
"Namibia","Uranium - production","2001","Metric Tons","2239",""
"Namibia","Uranium - production","2000","Metric Tons","2715",""
"Namibia","Uranium - production","1999","Metric Tons","2690",""
"Namibia","Uranium - production","1998","Metric Tons","2780",""
"Namibia","Uranium - production","1997","Metric Tons","2905",""
"Namibia","Uranium - production","1996","Metric Tons","2447",""
"Namibia","Uranium - production","1995","Metric Tons","2016",""
"Namibia","Uranium - production","1994","Metric Tons","1895",""
"Namibia","Uranium - production","1993","Metric Tons","1679",""
"Namibia","Uranium - production","1992","Metric Tons","1660",""
"Namibia","Uranium - production","1991","Metric Tons","2450",""
"Namibia","Uranium - production","1990","Metric Tons","3211",""
"Namibia","Uranium - reasonably assured reserves","2014","Metric Tons","248200",""
"Namibia","Uranium - reasonably assured reserves","2011","Metric Tons","362600",""
"Namibia","Uranium - estimated additional reserves","2011","Metric Tons","155500",""
"Niger","Uranium - production","2020","Metric Tons","2992","1"
"Niger","Uranium - production","2019","Metric Tons","2982",""
"Niger","Uranium - production","2018","Metric Tons","2910",""
"Niger","Uranium - production","2017","Metric Tons","3485",""
"Niger","Uranium - production","2016","Metric Tons","3478",""
"Niger","Uranium - production","2015","Metric Tons","4115",""
"Niger","Uranium - production","2014","Metric Tons","4156",""
"Niger","Uranium - production","2013","Metric Tons","4325",""
"Niger","Uranium - production","2012","Metric Tons","4773",""
"Niger","Uranium - production","2011","Metric Tons","4264",""
"Niger","Uranium - production","2010","Metric Tons","4199",""
"Niger","Uranium - production","2009","Metric Tons","3245",""
"Niger","Uranium - production","2008","Metric Tons","2993",""
"Niger","Uranium - production","2007","Metric Tons","3153",""
"Niger","Uranium - production","2006","Metric Tons","3434",""
"Niger","Uranium - production","2005","Metric Tons","3093",""
"Niger","Uranium - production","2004","Metric Tons","3273",""
"Niger","Uranium - production","2003","Metric Tons","3143",""
"Niger","Uranium - production","2002","Metric Tons","3076",""
"Niger","Uranium - production","2001","Metric Tons","2919",""
"Niger","Uranium - production","2000","Metric Tons","2914",""
"Niger","Uranium - production","1999","Metric Tons","2948",""
"Niger","Uranium - production","1998","Metric Tons","3714",""
"Niger","Uranium - production","1997","Metric Tons","3499",""
"Niger","Uranium - production","1996","Metric Tons","3329",""
"Niger","Uranium - production","1995","Metric Tons","2974",""
"Niger","Uranium - production","1994","Metric Tons","2975",""
"Niger","Uranium - production","1993","Metric Tons","2914",""
"Niger","Uranium - production","1992","Metric Tons","2965",""
"Niger","Uranium - production","1991","Metric Tons","2963",""
"Niger","Uranium - production","1990","Metric Tons","2839",""
"Niger","Uranium - reasonably assured reserves","2014","Metric Tons","325000",""
"Niger","Uranium - reasonably assured reserves","2011","Metric Tons","340600",""
"Niger","Uranium - estimated additional reserves","2011","Metric Tons","104900",""
"Pakistan","Uranium - production","2021","Metric Tons","45",""
"Pakistan","Uranium - production","2020","Metric Tons","45",""
"Pakistan","Uranium - production","2019","Metric Tons","45",""
"Pakistan","Uranium - production","2018","Metric Tons","45",""
"Pakistan","Uranium - production","2017","Metric Tons","45",""
"Pakistan","Uranium - production","2016","Metric Tons","45",""
"Pakistan","Uranium - production","2015","Metric Tons","45",""
"Pakistan","Uranium - production","2014","Metric Tons","45",""
"Pakistan","Uranium - production","2013","Metric Tons","45",""
"Pakistan","Uranium - production","2012","Metric Tons","45",""
"Pakistan","Uranium - production","2011","Metric Tons","45",""
"Pakistan","Uranium - production","2010","Metric Tons","45",""
"Pakistan","Uranium - production","2009","Metric Tons","50",""
"Pakistan","Uranium - production","2008","Metric Tons","45",""
"Pakistan","Uranium - production","2007","Metric Tons","40",""
"Pakistan","Uranium - production","2006","Metric Tons","40",""
"Pakistan","Uranium - production","2005","Metric Tons","40",""
"Pakistan","Uranium - production","2004","Metric Tons","38",""
"Pakistan","Uranium - production","2003","Metric Tons","40",""
"Pakistan","Uranium - production","2002","Metric Tons","38",""
"Pakistan","Uranium - production","2001","Metric Tons","46",""
"Pakistan","Uranium - production","2000","Metric Tons","23",""
"Pakistan","Uranium - production","1999","Metric Tons","23",""
"Pakistan","Uranium - production","1998","Metric Tons","23",""
"Pakistan","Uranium - production","1997","Metric Tons","23",""
"Pakistan","Uranium - production","1996","Metric Tons","23",""
"Pakistan","Uranium - production","1995","Metric Tons","23",""
"Pakistan","Uranium - production","1994","Metric Tons","23",""
"Pakistan","Uranium - production","1993","Metric Tons","23",""
"Pakistan","Uranium - production","1992","Metric Tons","23",""
"Pakistan","Uranium - production","1991","Metric Tons","30",""
"Pakistan","Uranium - production","1990","Metric Tons","30",""
"Peru","Uranium - reasonably assured reserves","2011","Metric Tons","1300",""
"Peru","Uranium - estimated additional reserves","2011","Metric Tons","1300",""
"Portugal","Uranium - production","2001","Metric Tons","4",""
"Portugal","Uranium - production","2000","Metric Tons","14",""
"Portugal","Uranium - production","1999","Metric Tons","10",""
"Portugal","Uranium - production","1998","Metric Tons","19",""
"Portugal","Uranium - production","1997","Metric Tons","17",""
"Portugal","Uranium - production","1996","Metric Tons","15",""
"Portugal","Uranium - production","1995","Metric Tons","18",""
"Portugal","Uranium - production","1994","Metric Tons","24",""
"Portugal","Uranium - production","1993","Metric Tons","32",""
"Portugal","Uranium - production","1992","Metric Tons","28",""
"Portugal","Uranium - production","1991","Metric Tons","28",""
"Portugal","Uranium - production","1990","Metric Tons","111",""
"Portugal","Uranium - reasonably assured reserves","2011","Metric Tons","6000",""
"Portugal","Uranium - estimated additional reserves","2011","Metric Tons","1000",""
"Romania","Uranium - production","2020","Metric Tons","0",""
"Romania","Uranium - production","2019","Metric Tons","0",""
"Romania","Uranium - production","2018","Metric Tons","0",""
"Romania","Uranium - production","2017","Metric Tons","0",""
"Romania","Uranium - production","2016","Metric Tons","50",""
"Romania","Uranium - production","2015","Metric Tons","77",""
"Romania","Uranium - production","2014","Metric Tons","77",""
"Romania","Uranium - production","2013","Metric Tons","77",""
"Romania","Uranium - production","2012","Metric Tons","90",""
"Romania","Uranium - production","2011","Metric Tons","80",""
"Romania","Uranium - production","2010","Metric Tons","80",""
"Romania","Uranium - production","2009","Metric Tons","80",""
"Romania","Uranium - production","2008","Metric Tons","80",""
"Romania","Uranium - production","2007","Metric Tons","80",""
"Romania","Uranium - production","2006","Metric Tons","90",""
"Romania","Uranium - production","2005","Metric Tons","90",""
"Romania","Uranium - production","2004","Metric Tons","90",""
"Romania","Uranium - production","2003","Metric Tons","90","1"
"Romania","Uranium - production","2002","Metric Tons","90",""
"Romania","Uranium - production","2001","Metric Tons","85","1"
"Romania","Uranium - production","2000","Metric Tons","86","1"
"Romania","Uranium - production","1999","Metric Tons","89",""
"Romania","Uranium - production","1998","Metric Tons","132",""
"Romania","Uranium - production","1997","Metric Tons","107",""
"Romania","Uranium - production","1996","Metric Tons","105",""
"Romania","Uranium - production","1995","Metric Tons","120",""
"Romania","Uranium - production","1994","Metric Tons","120",""
"Romania","Uranium - production","1993","Metric Tons","120",""
"Romania","Uranium - production","1992","Metric Tons","120",""
"Romania","Uranium - production","1991","Metric Tons","160",""
"Romania","Uranium - production","1990","Metric Tons","210",""
"Romania","Uranium - reasonably assured reserves","2014","Metric Tons","3100",""
"Romania","Uranium - reasonably assured reserves","2011","Metric Tons","3100",""
"Romania","Uranium - estimated additional reserves","2011","Metric Tons","3600",""
"Russian Federation","Uranium - production","2020","Metric Tons","2846",""
"Russian Federation","Uranium - production","2019","Metric Tons","2911",""
"Russian Federation","Uranium - production","2018","Metric Tons","2904",""
"Russian Federation","Uranium - production","2017","Metric Tons","2917",""
"Russian Federation","Uranium - production","2016","Metric Tons","3004",""
"Russian Federation","Uranium - production","2015","Metric Tons","3055",""
"Russian Federation","Uranium - production","2014","Metric Tons","2990",""
"Russian Federation","Uranium - production","2013","Metric Tons","3133",""
"Russian Federation","Uranium - production","2012","Metric Tons","2862",""
"Russian Federation","Uranium - production","2011","Metric Tons","2993",""
"Russian Federation","Uranium - production","2010","Metric Tons","3562",""
"Russian Federation","Uranium - production","2009","Metric Tons","3565",""
"Russian Federation","Uranium - production","2008","Metric Tons","3521",""
"Russian Federation","Uranium - production","2007","Metric Tons","3413",""
"Russian Federation","Uranium - production","2006","Metric Tons","3190",""
"Russian Federation","Uranium - production","2005","Metric Tons","3285",""
"Russian Federation","Uranium - production","2004","Metric Tons","3290",""
"Russian Federation","Uranium - production","2003","Metric Tons","3073",""
"Russian Federation","Uranium - production","2002","Metric Tons","2850",""
"Russian Federation","Uranium - production","2001","Metric Tons","3090",""
"Russian Federation","Uranium - production","2000","Metric Tons","2760",""
"Russian Federation","Uranium - production","1999","Metric Tons","2610",""
"Russian Federation","Uranium - production","1998","Metric Tons","2530",""
"Russian Federation","Uranium - production","1997","Metric Tons","2580",""
"Russian Federation","Uranium - production","1996","Metric Tons","2605",""
"Russian Federation","Uranium - production","1995","Metric Tons","2160",""
"Russian Federation","Uranium - production","1994","Metric Tons","2541",""
"Russian Federation","Uranium - production","1993","Metric Tons","2697",""
"Russian Federation","Uranium - production","1992","Metric Tons","2640",""
"Russian Federation","Uranium - reasonably assured reserves","2014","Metric Tons","216500",""
"Russian Federation","Uranium - reasonably assured reserves","2011","Metric Tons","218300",""
"Russian Federation","Uranium - estimated additional reserves","2011","Metric Tons","432000",""
"Slovakia","Uranium - reasonably assured reserves","2011","Metric Tons","0",""
"Slovakia","Uranium - estimated additional reserves","2011","Metric Tons","9000",""
"Slovenia","Uranium - production","1999","Metric Tons","0",""
"Slovenia","Uranium - production","1998","Metric Tons","0",""
"Slovenia","Uranium - production","1997","Metric Tons","0",""
"Slovenia","Uranium - production","1996","Metric Tons","0",""
"Slovenia","Uranium - production","1995","Metric Tons","0",""
"Slovenia","Uranium - production","1994","Metric Tons","0",""
"Slovenia","Uranium - production","1993","Metric Tons","0",""
"Slovenia","Uranium - production","1992","Metric Tons","2",""
"Slovenia","Uranium - reasonably assured reserves","2011","Metric Tons","1700",""
"Slovenia","Uranium - estimated additional reserves","2011","Metric Tons","7500",""
"Somalia","Uranium - reasonably assured reserves","2011","Metric Tons","5000",""
"Somalia","Uranium - estimated additional reserves","2011","Metric Tons","2600",""
"South Africa","Uranium - production","2021","Metric Tons","385",""
"South Africa","Uranium - production","2020","Metric Tons","250",""
"South Africa","Uranium - production","2019","Metric Tons","346",""
"South Africa","Uranium - production","2018","Metric Tons","346",""
"South Africa","Uranium - production","2017","Metric Tons","308",""
"South Africa","Uranium - production","2016","Metric Tons","490",""
"South Africa","Uranium - production","2015","Metric Tons","322",""
"South Africa","Uranium - production","2014","Metric Tons","393",""
"South Africa","Uranium - production","2013","Metric Tons","540",""
"South Africa","Uranium - production","2012","Metric Tons","467",""
"South Africa","Uranium - production","2011","Metric Tons","556",""
"South Africa","Uranium - production","2010","Metric Tons","582",""
"South Africa","Uranium - production","2009","Metric Tons","563",""
"South Africa","Uranium - production","2008","Metric Tons","566",""
"South Africa","Uranium - production","2007","Metric Tons","540",""
"South Africa","Uranium - production","2006","Metric Tons","534",""
"South Africa","Uranium - production","2005","Metric Tons","673",""
"South Africa","Uranium - production","2004","Metric Tons","747",""
"South Africa","Uranium - production","2003","Metric Tons","763",""
"South Africa","Uranium - production","2002","Metric Tons","828",""
"South Africa","Uranium - production","2001","Metric Tons","878",""
"South Africa","Uranium - production","2000","Metric Tons","798",""
"South Africa","Uranium - production","1999","Metric Tons","927",""
"South Africa","Uranium - production","1998","Metric Tons","965",""
"South Africa","Uranium - production","1997","Metric Tons","1110",""
"South Africa","Uranium - production","1996","Metric Tons","1436",""
"South Africa","Uranium - production","1995","Metric Tons","1421",""
"South Africa","Uranium - production","1994","Metric Tons","1671",""
"South Africa","Uranium - production","1993","Metric Tons","1669",""
"South Africa","Uranium - production","1992","Metric Tons","1669",""
"South Africa","Uranium - production","1991","Metric Tons","1712",""
"South Africa","Uranium - production","1990","Metric Tons","2460",""
"South Africa","Uranium - reasonably assured reserves","2014","Metric Tons","175300",""
"South Africa","Uranium - reasonably assured reserves","2011","Metric Tons","192900",""
"South Africa","Uranium - estimated additional reserves","2011","Metric Tons","179200",""
"Spain","Uranium - production","2002","Metric Tons","37",""
"Spain","Uranium - production","2001","Metric Tons","30",""
"Spain","Uranium - production","2000","Metric Tons","255",""
"Spain","Uranium - production","1999","Metric Tons","255",""
"Spain","Uranium - production","1998","Metric Tons","255",""
"Spain","Uranium - production","1997","Metric Tons","255",""
"Spain","Uranium - production","1996","Metric Tons","255",""
"Spain","Uranium - production","1995","Metric Tons","255",""
"Spain","Uranium - production","1994","Metric Tons","256",""
"Spain","Uranium - production","1993","Metric Tons","184",""
"Spain","Uranium - production","1992","Metric Tons","187",""
"Spain","Uranium - production","1991","Metric Tons","196",""
"Spain","Uranium - production","1990","Metric Tons","213",""
"Spain","Uranium - reasonably assured reserves","2011","Metric Tons","14000",""
"Spain","Uranium - estimated additional reserves","2011","Metric Tons","0",""
"Sweden","Uranium - production","1990","Metric Tons","0",""
"Sweden","Uranium - reasonably assured reserves","2011","Metric Tons","5000",""
"Sweden","Uranium - estimated additional reserves","2011","Metric Tons","8500",""
"Türkiye","Uranium - reasonably assured reserves","2011","Metric Tons","7300",""
"Ukraine","Uranium - production","2021","Metric Tons","455",""
"Ukraine","Uranium - production","2020","Metric Tons","744",""
"Ukraine","Uranium - production","2019","Metric Tons","801",""
"Ukraine","Uranium - production","2018","Metric Tons","1180",""
"Ukraine","Uranium - production","2017","Metric Tons","550",""
"Ukraine","Uranium - production","2016","Metric Tons","1005",""
"Ukraine","Uranium - production","2015","Metric Tons","1200",""
"Ukraine","Uranium - production","2014","Metric Tons","926",""
"Ukraine","Uranium - production","2013","Metric Tons","1075",""
"Ukraine","Uranium - production","2012","Metric Tons","1012",""
"Ukraine","Uranium - production","2011","Metric Tons","873",""
"Ukraine","Uranium - production","2010","Metric Tons","837",""
"Ukraine","Uranium - production","2009","Metric Tons","815",""
"Ukraine","Uranium - production","2008","Metric Tons","830",""
"Ukraine","Uranium - production","2007","Metric Tons","800",""
"Ukraine","Uranium - production","2006","Metric Tons","810",""
"Ukraine","Uranium - production","2005","Metric Tons","830",""
"Ukraine","Uranium - production","2004","Metric Tons","855",""
"Ukraine","Uranium - production","2003","Metric Tons","800","1"
"Ukraine","Uranium - production","2002","Metric Tons","800","1"
"Ukraine","Uranium - production","2001","Metric Tons","750","1"
"Ukraine","Uranium - production","2000","Metric Tons","1005","1"
"Ukraine","Uranium - production","1999","Metric Tons","1000",""
"Ukraine","Uranium - production","1998","Metric Tons","1000",""
"Ukraine","Uranium - production","1997","Metric Tons","1000",""
"Ukraine","Uranium - production","1996","Metric Tons","1000",""
"Ukraine","Uranium - production","1995","Metric Tons","1000",""
"Ukraine","Uranium - production","1994","Metric Tons","1000",""
"Ukraine","Uranium - production","1993","Metric Tons","1000",""
"Ukraine","Uranium - production","1992","Metric Tons","1000",""
"Ukraine","Uranium - reasonably assured reserves","2014","Metric Tons","84800",""
"Ukraine","Uranium - reasonably assured reserves","2011","Metric Tons","143300",""
"Ukraine","Uranium - estimated additional reserves","2011","Metric Tons","81300",""
"United Rep. of Tanzania","Uranium - reasonably assured reserves","2011","Metric Tons","30100",""
"United Rep. of Tanzania","Uranium - estimated additional reserves","2011","Metric Tons","15600",""
"United States","Uranium - production","2021","Metric Tons","8",""
"United States","Uranium - production","2020","Metric Tons","6",""
"United States","Uranium - production","2019","Metric Tons","58",""
"United States","Uranium - production","2018","Metric Tons","582",""
"United States","Uranium - production","2017","Metric Tons","940",""
"United States","Uranium - production","2016","Metric Tons","1125",""
"United States","Uranium - production","2015","Metric Tons","1256",""
"United States","Uranium - production","2014","Metric Tons","1919",""
"United States","Uranium - production","2013","Metric Tons","1792",""
"United States","Uranium - production","2012","Metric Tons","1667",""
"United States","Uranium - production","2011","Metric Tons","1582",""
"United States","Uranium - production","2010","Metric Tons","1630",""
"United States","Uranium - production","2009","Metric Tons","1594",""
"United States","Uranium - production","2008","Metric Tons","1492",""
"United States","Uranium - production","2007","Metric Tons","1747",""
"United States","Uranium - production","2006","Metric Tons","1805",""
"United States","Uranium - production","2005","Metric Tons","1171",""
"United States","Uranium - production","2004","Metric Tons","943",""
"United States","Uranium - production","2003","Metric Tons","769",""
"United States","Uranium - production","2002","Metric Tons","902",""
"United States","Uranium - production","2001","Metric Tons","1015",""
"United States","Uranium - production","2000","Metric Tons","1522",""
"United States","Uranium - production","1999","Metric Tons","1773",""
"United States","Uranium - production","1998","Metric Tons","1810",""
"United States","Uranium - production","1997","Metric Tons","2170",""
"United States","Uranium - production","1996","Metric Tons","2432",""
"United States","Uranium - production","1995","Metric Tons","2324",""
"United States","Uranium - production","1994","Metric Tons","1289",""
"United States","Uranium - production","1993","Metric Tons","1180",""
"United States","Uranium - production","1992","Metric Tons","2170",""
"United States","Uranium - production","1991","Metric Tons","3060",""
"United States","Uranium - production","1990","Metric Tons","3420",""
"United States","Uranium - reasonably assured reserves","2014","Metric Tons","207400",""
"United States","Uranium - reasonably assured reserves","2011","Metric Tons","472100",""
"Uzbekistan","Uranium - production","2021","Metric Tons","3500",""
"Uzbekistan","Uranium - production","2020","Metric Tons","3500",""
"Uzbekistan","Uranium - production","2019","Metric Tons","3500",""
"Uzbekistan","Uranium - production","2018","Metric Tons","2404",""
"Uzbekistan","Uranium - production","2017","Metric Tons","2404",""
"Uzbekistan","Uranium - production","2016","Metric Tons","2404",""
"Uzbekistan","Uranium - production","2015","Metric Tons","2385",""
"Uzbekistan","Uranium - production","2014","Metric Tons","2400",""
"Uzbekistan","Uranium - production","2013","Metric Tons","2400",""
"Uzbekistan","Uranium - production","2012","Metric Tons","2400",""
"Uzbekistan","Uranium - production","2011","Metric Tons","2500",""
"Uzbekistan","Uranium - production","2010","Metric Tons","2874",""
"Uzbekistan","Uranium - production","2009","Metric Tons","2657",""
"Uzbekistan","Uranium - production","2008","Metric Tons","2283",""
"Uzbekistan","Uranium - production","2007","Metric Tons","2270",""
"Uzbekistan","Uranium - production","2006","Metric Tons","2260",""
"Uzbekistan","Uranium - production","2005","Metric Tons","2300",""
"Uzbekistan","Uranium - production","2004","Metric Tons","2087",""
"Uzbekistan","Uranium - production","2003","Metric Tons","1603",""
"Uzbekistan","Uranium - production","2002","Metric Tons","1859",""
"Uzbekistan","Uranium - production","2001","Metric Tons","1945",""
"Uzbekistan","Uranium - production","2000","Metric Tons","2028",""
"Uzbekistan","Uranium - production","1999","Metric Tons","2159",""
"Uzbekistan","Uranium - production","1998","Metric Tons","1926",""
"Uzbekistan","Uranium - production","1997","Metric Tons","1764",""
"Uzbekistan","Uranium - production","1996","Metric Tons","1459",""
"Uzbekistan","Uranium - production","1995","Metric Tons","1644",""
"Uzbekistan","Uranium - production","1994","Metric Tons","2015",""
"Uzbekistan","Uranium - production","1993","Metric Tons","2600",""
"Uzbekistan","Uranium - production","1992","Metric Tons","2680",""
"Uzbekistan","Uranium - reasonably assured reserves","2014","Metric Tons","59400",""
"Uzbekistan","Uranium - reasonably assured reserves","2011","Metric Tons","64300",""
"Uzbekistan","Uranium - estimated additional reserves","2011","Metric Tons","31900",""
"Viet Nam","Uranium - reasonably assured reserves","2011","Metric Tons","1000",""
"Viet Nam","Uranium - estimated additional reserves","2011","Metric Tons","5400",""
"Yugoslavia, SFR (former)","Uranium - production","1991","Metric Tons","2",""
"Yugoslavia, SFR (former)","Uranium - production","1990","Metric Tons","53",""
"Zambia","Uranium - reasonably assured reserves","2011","Metric Tons","9900",""
"Zambia","Uranium - estimated additional reserves","2011","Metric Tons","5700",""
"Zimbabwe","Uranium - reasonably assured reserves","2011","Metric Tons","1400",""

"fnSeqID","Footnote"
"1","Estimate"
