"Country or Area","Commodity - Transaction","Year","Unit","Quantity","Quantity Footnotes"
"Finland","Bio jet kerosene - Production","2015","Metric tons,  thousand","1",""
"Finland","Bio jet kerosene - Production","2014","Metric tons,  thousand","0",""
"Finland","Bio jet kerosene - Production","2013","Metric tons,  thousand","0",""
"Finland","Bio jet kerosene - Production","2012","Metric tons,  thousand","0",""
"Finland","Bio jet kerosene - Production","2011","Metric tons,  thousand","1",""
"Finland","Bio jet kerosene - Exports","2015","Metric tons,  thousand","2",""
"Finland","Bio jet kerosene - Exports","2014","Metric tons,  thousand","0",""
"Finland","Bio jet kerosene - Exports","2013","Metric tons,  thousand","0",""
"Finland","Bio jet kerosene - Exports","2012","Metric tons,  thousand","0",""
"Finland","Bio jet kerosene - Exports","2011","Metric tons,  thousand","2",""
"Finland","Bio jet kerosene - Stock changes","2015","Metric tons,  thousand","-1",""
"Finland","Bio jet kerosene - Stock changes","2014","Metric tons,  thousand","0",""
"Finland","Bio jet kerosene - Stock changes","2013","Metric tons,  thousand","0",""
"Finland","Bio jet kerosene - Stock changes","2012","Metric tons,  thousand","0",""
"Finland","Bio jet kerosene - Stock changes","2011","Metric tons,  thousand","-1",""
"Finland","Bio jet kerosene - Total energy supply","2015","Metric tons,  thousand","0",""
"Finland","Bio jet kerosene - Total energy supply","2014","Metric tons,  thousand","0",""
"Finland","Bio jet kerosene - Total energy supply","2013","Metric tons,  thousand","0",""
"Finland","Bio jet kerosene - Total energy supply","2012","Metric tons,  thousand","0",""
"Finland","Bio jet kerosene - Total energy supply","2011","Metric tons,  thousand","0",""

"fnSeqID","Footnote"
"1","Estimate"
