"Country or Area","Commodity - Transaction","Year","Unit","Quantity","Quantity Footnotes"
"Albania","Oil shale - Production","1998","Metric tons,  thousand","10","1"
"Albania","Oil shale - Production","1997","Metric tons,  thousand","10","1"
"Albania","Oil shale - Production","1996","Metric tons,  thousand","10","1"
"Albania","Oil shale - Production","1995","Metric tons,  thousand","10","1"
"Albania","Oil shale - Production","1994","Metric tons,  thousand","10",""
"Albania","Oil shale - Production","1993","Metric tons,  thousand","14",""
"Albania","Oil shale - Production","1992","Metric tons,  thousand","7",""
"Albania","Oil shale - Production","1991","Metric tons,  thousand","39",""
"Albania","Oil shale - Production","1990","Metric tons,  thousand","95","1"
"Albania","Oil shale - Transformation","1998","Metric tons,  thousand","10","1"
"Albania","Oil shale - Transformation","1997","Metric tons,  thousand","10","1"
"Albania","Oil shale - Transformation","1996","Metric tons,  thousand","10","1"
"Albania","Oil shale - Transformation","1995","Metric tons,  thousand","10","1"
"Albania","Oil shale - Transformation","1994","Metric tons,  thousand","10","1"
"Albania","Oil shale - Transformation","1993","Metric tons,  thousand","14","1"
"Albania","Oil shale - Transformation","1992","Metric tons,  thousand","7","1"
"Albania","Oil shale - Transformation","1991","Metric tons,  thousand","39","1"
"Albania","Oil shale - Transformation","1990","Metric tons,  thousand","95","1"
"Albania","Oil shale - Transformation in electricity, CHP and heat plants","1998","Metric tons,  thousand","10","1"
"Albania","Oil shale - Transformation in electricity, CHP and heat plants","1997","Metric tons,  thousand","10","1"
"Albania","Oil shale - Transformation in electricity, CHP and heat plants","1996","Metric tons,  thousand","10","1"
"Albania","Oil shale - Transformation in electricity, CHP and heat plants","1995","Metric tons,  thousand","10","1"
"Albania","Oil shale - Transformation in electricity, CHP and heat plants","1994","Metric tons,  thousand","10","1"
"Albania","Oil shale - Transformation in electricity, CHP and heat plants","1993","Metric tons,  thousand","14","1"
"Albania","Oil shale - Transformation in electricity, CHP and heat plants","1992","Metric tons,  thousand","7","1"
"Albania","Oil shale - Transformation in electricity, CHP and heat plants","1991","Metric tons,  thousand","39","1"
"Albania","Oil shale - Transformation in electricity, CHP and heat plants","1990","Metric tons,  thousand","95","1"
"Albania","Oil Shale - Transformation in electricity plants - main activity producers","1998","Metric tons,  thousand","10","1"
"Albania","Oil Shale - Transformation in electricity plants - main activity producers","1997","Metric tons,  thousand","10","1"
"Albania","Oil Shale - Transformation in electricity plants - main activity producers","1996","Metric tons,  thousand","10","1"
"Albania","Oil Shale - Transformation in electricity plants - main activity producers","1995","Metric tons,  thousand","10","1"
"Albania","Oil Shale - Transformation in electricity plants - main activity producers","1994","Metric tons,  thousand","10","1"
"Albania","Oil Shale - Transformation in electricity plants - main activity producers","1993","Metric tons,  thousand","14","1"
"Albania","Oil Shale - Transformation in electricity plants - main activity producers","1992","Metric tons,  thousand","7","1"
"Albania","Oil Shale - Transformation in electricity plants - main activity producers","1991","Metric tons,  thousand","39","1"
"Albania","Oil Shale - Transformation in electricity plants - main activity producers","1990","Metric tons,  thousand","95","1"
"Albania","Oil shale - Total energy supply","1998","Metric tons,  thousand","10","1"
"Albania","Oil shale - Total energy supply","1997","Metric tons,  thousand","10","1"
"Albania","Oil shale - Total energy supply","1996","Metric tons,  thousand","10","1"
"Albania","Oil shale - Total energy supply","1995","Metric tons,  thousand","10","1"
"Albania","Oil shale - Total energy supply","1994","Metric tons,  thousand","10",""
"Albania","Oil shale - Total energy supply","1993","Metric tons,  thousand","14",""
"Albania","Oil shale - Total energy supply","1992","Metric tons,  thousand","7",""
"Albania","Oil shale - Total energy supply","1991","Metric tons,  thousand","39",""
"Albania","Oil shale - Total energy supply","1990","Metric tons,  thousand","95","1"
"Bulgaria","Oil shale - Production","2021","Metric tons,  thousand","49.575",""
"Bulgaria","Oil shale - Production","2020","Metric tons,  thousand","43.613",""
"Bulgaria","Oil shale - Production","2019","Metric tons,  thousand","39.818",""
"Bulgaria","Oil shale - Stock changes","2021","Metric tons,  thousand","49.575",""
"Bulgaria","Oil shale - Stock changes","2020","Metric tons,  thousand","12.844",""
"Bulgaria","Oil shale - Stock changes","2019","Metric tons,  thousand","7.632",""
"Bulgaria","Oil shale - Transformation","2020","Metric tons,  thousand","30.769",""
"Bulgaria","Oil shale - Transformation","2019","Metric tons,  thousand","32.186",""
"Bulgaria","Oil shale - Transformation in electricity, CHP and heat plants","2020","Metric tons,  thousand","30.769",""
"Bulgaria","Oil shale - Transformation in electricity, CHP and heat plants","2019","Metric tons,  thousand","32.186",""
"Bulgaria","Oil Shale - Transformation in CHP plants - main activity producers","2020","Metric tons,  thousand","30.769",""
"Bulgaria","Oil Shale - Transformation in CHP plants - main activity producers","2019","Metric tons,  thousand","32.186",""
"Bulgaria","Oil shale - Total energy supply","2021","Metric tons,  thousand","0",""
"Bulgaria","Oil shale - Total energy supply","2020","Metric tons,  thousand","30.769",""
"Bulgaria","Oil shale - Total energy supply","2019","Metric tons,  thousand","32.186",""
"Estonia","Oil shale - Production","2021","Metric tons,  thousand","12280",""
"Estonia","Oil shale - Production","2020","Metric tons,  thousand","12144.435",""
"Estonia","Oil shale - Production","2019","Metric tons,  thousand","15877.28",""
"Estonia","Oil shale - Production","2018","Metric tons,  thousand","21883.023",""
"Estonia","Oil shale - Production","2017","Metric tons,  thousand","21625.213",""
"Estonia","Oil shale - Production","2016","Metric tons,  thousand","17057",""
"Estonia","Oil shale - Production","2015","Metric tons,  thousand","19616",""
"Estonia","Oil shale - Production","2014","Metric tons,  thousand","20995",""
"Estonia","Oil shale - Production","2013","Metric tons,  thousand","20511",""
"Estonia","Oil shale - Production","2012","Metric tons,  thousand","18796",""
"Estonia","Oil shale - Production","2011","Metric tons,  thousand","18734",""
"Estonia","Oil shale - Production","2010","Metric tons,  thousand","17933",""
"Estonia","Oil shale - Production","2009","Metric tons,  thousand","14939",""
"Estonia","Oil shale - Production","2008","Metric tons,  thousand","16117",""
"Estonia","Oil shale - Production","2007","Metric tons,  thousand","16544",""
"Estonia","Oil shale - Production","2006","Metric tons,  thousand","14095",""
"Estonia","Oil shale - Production","2005","Metric tons,  thousand","14591",""
"Estonia","Oil shale - Production","2004","Metric tons,  thousand","13993",""
"Estonia","Oil shale - Production","2003","Metric tons,  thousand","14892",""
"Estonia","Oil shale - Production","2002","Metric tons,  thousand","12400",""
"Estonia","Oil shale - Production","2001","Metric tons,  thousand","11838",""
"Estonia","Oil shale - Production","2000","Metric tons,  thousand","11727",""
"Estonia","Oil shale - Production","1999","Metric tons,  thousand","10687",""
"Estonia","Oil shale - Production","1998","Metric tons,  thousand","12464",""
"Estonia","Oil shale - Production","1997","Metric tons,  thousand","14383",""
"Estonia","Oil shale - Production","1996","Metric tons,  thousand","14735",""
"Estonia","Oil shale - Production","1995","Metric tons,  thousand","13310",""
"Estonia","Oil shale - Production","1994","Metric tons,  thousand","14530",""
"Estonia","Oil shale - Production","1993","Metric tons,  thousand","14915",""
"Estonia","Oil shale - Production","1992","Metric tons,  thousand","18849",""
"Estonia","Oil shale - Imports","2009","Metric tons,  thousand","23",""
"Estonia","Oil shale - Imports","2008","Metric tons,  thousand","31",""
"Estonia","Oil shale - Imports","2007","Metric tons,  thousand","0",""
"Estonia","Oil shale - Imports","2006","Metric tons,  thousand","0",""
"Estonia","Oil shale - Imports","2005","Metric tons,  thousand","180",""
"Estonia","Oil shale - Imports","2004","Metric tons,  thousand","1195",""
"Estonia","Oil shale - Imports","2003","Metric tons,  thousand","1111",""
"Estonia","Oil shale - Imports","2002","Metric tons,  thousand","716",""
"Estonia","Oil shale - Imports","2001","Metric tons,  thousand","1180",""
"Estonia","Oil shale - Imports","2000","Metric tons,  thousand","1368",""
"Estonia","Oil shale - Imports","1999","Metric tons,  thousand","1361",""
"Estonia","Oil shale - Imports","1998","Metric tons,  thousand","1318",""
"Estonia","Oil shale - Imports","1997","Metric tons,  thousand","1534",""
"Estonia","Oil shale - Imports","1996","Metric tons,  thousand","829",""
"Estonia","Oil shale - Imports","1995","Metric tons,  thousand","1515",""
"Estonia","Oil shale - Imports","1994","Metric tons,  thousand","1777",""
"Estonia","Oil shale - Imports","1993","Metric tons,  thousand","1765",""
"Estonia","Oil shale - Imports","1992","Metric tons,  thousand","2043",""
"Estonia","Oil shale - Exports","2009","Metric tons,  thousand","0",""
"Estonia","Oil shale - Exports","2008","Metric tons,  thousand","0",""
"Estonia","Oil shale - Exports","2007","Metric tons,  thousand","5",""
"Estonia","Oil shale - Exports","2006","Metric tons,  thousand","9",""
"Estonia","Oil shale - Exports","2005","Metric tons,  thousand","4",""
"Estonia","Oil shale - Exports","2004","Metric tons,  thousand","9",""
"Estonia","Oil shale - Exports","2003","Metric tons,  thousand","9",""
"Estonia","Oil shale - Exports","2002","Metric tons,  thousand","13",""
"Estonia","Oil shale - Exports","2001","Metric tons,  thousand","11",""
"Estonia","Oil shale - Exports","2000","Metric tons,  thousand","12",""
"Estonia","Oil shale - Exports","1999","Metric tons,  thousand","12",""
"Estonia","Oil shale - Exports","1998","Metric tons,  thousand","6",""
"Estonia","Oil shale - Exports","1997","Metric tons,  thousand","16",""
"Estonia","Oil shale - Exports","1996","Metric tons,  thousand","3",""
"Estonia","Oil shale - Exports","1995","Metric tons,  thousand","7",""
"Estonia","Oil shale - Exports","1994","Metric tons,  thousand","7",""
"Estonia","Oil shale - Exports","1993","Metric tons,  thousand","2",""
"Estonia","Oil shale - Exports","1992","Metric tons,  thousand","23",""
"Estonia","Oil shale - Stock changes","2021","Metric tons,  thousand","-1461.423",""
"Estonia","Oil shale - Stock changes","2020","Metric tons,  thousand","103.024",""
"Estonia","Oil shale - Stock changes","2019","Metric tons,  thousand","624.194",""
"Estonia","Oil shale - Stock changes","2018","Metric tons,  thousand","509.25",""
"Estonia","Oil shale - Stock changes","2017","Metric tons,  thousand","-266.127",""
"Estonia","Oil shale - Stock changes","2016","Metric tons,  thousand","-2509",""
"Estonia","Oil shale - Stock changes","2015","Metric tons,  thousand","1565",""
"Estonia","Oil shale - Stock changes","2014","Metric tons,  thousand","365",""
"Estonia","Oil shale - Stock changes","2013","Metric tons,  thousand","58",""
"Estonia","Oil shale - Stock changes","2012","Metric tons,  thousand","951",""
"Estonia","Oil shale - Stock changes","2011","Metric tons,  thousand","-267",""
"Estonia","Oil shale - Stock changes","2010","Metric tons,  thousand","-556",""
"Estonia","Oil shale - Stock changes","2009","Metric tons,  thousand","1479",""
"Estonia","Oil shale - Stock changes","2008","Metric tons,  thousand","147",""
"Estonia","Oil shale - Stock changes","2007","Metric tons,  thousand","-1484",""
"Estonia","Oil shale - Stock changes","2006","Metric tons,  thousand","-143",""
"Estonia","Oil shale - Stock changes","2005","Metric tons,  thousand","-274",""
"Estonia","Oil shale - Stock changes","2004","Metric tons,  thousand","529",""
"Estonia","Oil shale - Stock changes","2003","Metric tons,  thousand","1389",""
"Estonia","Oil shale - Stock changes","2002","Metric tons,  thousand","786",""
"Estonia","Oil shale - Stock changes","2001","Metric tons,  thousand","543",""
"Estonia","Oil shale - Stock changes","2000","Metric tons,  thousand","715",""
"Estonia","Oil shale - Stock changes","1999","Metric tons,  thousand","103",""
"Estonia","Oil shale - Stock changes","1998","Metric tons,  thousand","658",""
"Estonia","Oil shale - Stock changes","1997","Metric tons,  thousand","810",""
"Estonia","Oil shale - Stock changes","1996","Metric tons,  thousand","380",""
"Estonia","Oil shale - Stock changes","1995","Metric tons,  thousand","282",""
"Estonia","Oil shale - Stock changes","1994","Metric tons,  thousand","103",""
"Estonia","Oil shale - Stock changes","1993","Metric tons,  thousand","1147",""
"Estonia","Oil shale - Stock changes","1992","Metric tons,  thousand","1541",""
"Estonia","Oil shale - Transformation","2020","Metric tons,  thousand","11706.951",""
"Estonia","Oil shale - Transformation","2019","Metric tons,  thousand","14848.008",""
"Estonia","Oil shale - Transformation","2018","Metric tons,  thousand","20953.747",""
"Estonia","Oil shale - Transformation","2017","Metric tons,  thousand","21460.213",""
"Estonia","Oil shale - Transformation","2016","Metric tons,  thousand","19416",""
"Estonia","Oil shale - Transformation","2015","Metric tons,  thousand","17875",""
"Estonia","Oil shale - Transformation","2014","Metric tons,  thousand","20398",""
"Estonia","Oil shale - Transformation","2013","Metric tons,  thousand","20229",""
"Estonia","Oil shale - Transformation","2012","Metric tons,  thousand","17594",""
"Estonia","Oil shale - Transformation","2011","Metric tons,  thousand","18715",""
"Estonia","Oil shale - Transformation","2010","Metric tons,  thousand","18242",""
"Estonia","Oil shale - Transformation","2009","Metric tons,  thousand","13298",""
"Estonia","Oil shale - Transformation","2008","Metric tons,  thousand","15670",""
"Estonia","Oil shale - Transformation","2007","Metric tons,  thousand","17696",""
"Estonia","Oil shale - Transformation","2006","Metric tons,  thousand","13990",""
"Estonia","Oil shale - Transformation","2005","Metric tons,  thousand","14740",""
"Estonia","Oil shale - Transformation","2004","Metric tons,  thousand","14435",""
"Estonia","Oil shale - Transformation","2003","Metric tons,  thousand","14412",""
"Estonia","Oil shale - Transformation","2002","Metric tons,  thousand","12101",""
"Estonia","Oil shale - Transformation","2001","Metric tons,  thousand","12218",""
"Estonia","Oil shale - Transformation","2000","Metric tons,  thousand","12122",""
"Estonia","Oil shale - Transformation","1999","Metric tons,  thousand","11696",""
"Estonia","Oil shale - Transformation","1998","Metric tons,  thousand","12764",""
"Estonia","Oil shale - Transformation","1997","Metric tons,  thousand","14741",""
"Estonia","Oil shale - Transformation","1996","Metric tons,  thousand","14829",""
"Estonia","Oil shale - Transformation","1995","Metric tons,  thousand","14186",""
"Estonia","Oil shale - Transformation","1994","Metric tons,  thousand","15837",""
"Estonia","Oil shale - Transformation","1993","Metric tons,  thousand","15249",""
"Estonia","Oil shale - Transformation","1992","Metric tons,  thousand","18953",""
"Estonia","Oil shale - Transformation in coke ovens","2020","Metric tons,  thousand","64.582",""
"Estonia","Oil shale - Transformation in coke ovens","2019","Metric tons,  thousand","96.281",""
"Estonia","Oil shale - Transformation in coke ovens","2018","Metric tons,  thousand","73.2",""
"Estonia","Oil shale - Transformation in coke ovens","2017","Metric tons,  thousand","81",""
"Estonia","Oil shale - Transformation in coke ovens","2016","Metric tons,  thousand","57",""
"Estonia","Oil shale - Transformation in coke ovens","2015","Metric tons,  thousand","35",""
"Estonia","Oil shale - Transformation in coke ovens","2014","Metric tons,  thousand","103",""
"Estonia","Oil shale - Transformation in coke ovens","2013","Metric tons,  thousand","82",""
"Estonia","Oil shale - Transformation in coke ovens","2012","Metric tons,  thousand","83",""
"Estonia","Oil shale - Transformation in coke ovens","2011","Metric tons,  thousand","81",""
"Estonia","Oil shale - Transformation in coke ovens","2010","Metric tons,  thousand","82",""
"Estonia","Oil shale - Transformation in coke ovens","2009","Metric tons,  thousand","73",""
"Estonia","Oil shale - Transformation in coke ovens","2008","Metric tons,  thousand","150",""
"Estonia","Oil shale - Transformation in coke ovens","2007","Metric tons,  thousand","170",""
"Estonia","Oil shale - Transformation in coke ovens","2006","Metric tons,  thousand","159",""
"Estonia","Oil shale - Transformation in coke ovens","2005","Metric tons,  thousand","149",""
"Estonia","Oil shale - Transformation in coke ovens","2004","Metric tons,  thousand","140",""
"Estonia","Oil shale - Transformation in coke ovens","2003","Metric tons,  thousand","120",""
"Estonia","Oil shale - Transformation in coke ovens","2002","Metric tons,  thousand","120",""
"Estonia","Oil shale - Transformation in coke ovens","2001","Metric tons,  thousand","104",""
"Estonia","Oil shale - Transformation in coke ovens","2000","Metric tons,  thousand","93",""
"Estonia","Oil shale - Transformation in coke ovens","1999","Metric tons,  thousand","63",""
"Estonia","Oil shale - Transformation in coke ovens","1998","Metric tons,  thousand","107",""
"Estonia","Oil shale - Transformation in coke ovens","1997","Metric tons,  thousand","167",""
"Estonia","Oil shale - Transformation in coke ovens","1996","Metric tons,  thousand","164",""
"Estonia","Oil shale - Transformation in coke ovens","1995","Metric tons,  thousand","155",""
"Estonia","Oil shale - Transformation in coke ovens","1994","Metric tons,  thousand","148",""
"Estonia","Oil shale - Transformation in coke ovens","1993","Metric tons,  thousand","135",""
"Estonia","Oil shale - Transformation in coke ovens","1992","Metric tons,  thousand","151",""
"Estonia","Oil shale - Transformation in gas works","2020","Metric tons,  thousand","1721.022",""
"Estonia","Oil shale - Transformation in gas works","2019","Metric tons,  thousand","1853.381",""
"Estonia","Oil shale - Transformation in gas works","2018","Metric tons,  thousand","1759.036",""
"Estonia","Oil shale - Transformation in gas works","2017","Metric tons,  thousand","1446.603",""
"Estonia","Oil shale - Transformation in gas works","2016","Metric tons,  thousand","1366",""
"Estonia","Oil shale - Transformation in gas works","2015","Metric tons,  thousand","1217",""
"Estonia","Oil shale - Transformation in gas works","2014","Metric tons,  thousand","966",""
"Estonia","Oil shale - Transformation in gas works","2013","Metric tons,  thousand","852",""
"Estonia","Oil shale - Transformation in gas works","2012","Metric tons,  thousand","925",""
"Estonia","Oil shale - Transformation in gas works","2011","Metric tons,  thousand","834",""
"Estonia","Oil shale - Transformation in gas works","2010","Metric tons,  thousand","771",""
"Estonia","Oil shale - Transformation in gas works","2009","Metric tons,  thousand","640",""
"Estonia","Oil shale - Transformation in gas works","2008","Metric tons,  thousand","590",""
"Estonia","Oil shale - Transformation in gas works","2007","Metric tons,  thousand","544",""
"Estonia","Oil shale - Transformation in gas works","2006","Metric tons,  thousand","523",""
"Estonia","Oil shale - Transformation in gas works","2005","Metric tons,  thousand","477",""
"Estonia","Oil shale - Transformation in gas works","2004","Metric tons,  thousand","495",""
"Estonia","Oil shale - Transformation in gas works","2003","Metric tons,  thousand","427",""
"Estonia","Oil shale - Transformation in gas works","2002","Metric tons,  thousand","406",""
"Estonia","Oil shale - Transformation in gas works","2001","Metric tons,  thousand","387",""
"Estonia","Oil shale - Transformation in gas works","2000","Metric tons,  thousand","334",""
"Estonia","Oil shale - Transformation in gas works","1999","Metric tons,  thousand","216",""
"Estonia","Oil shale - Transformation in gas works","1998","Metric tons,  thousand","270",""
"Estonia","Oil shale - Transformation in gas works","1997","Metric tons,  thousand","447",""
"Estonia","Oil shale - Transformation in gas works","1996","Metric tons,  thousand","448",""
"Estonia","Oil shale - Transformation in gas works","1995","Metric tons,  thousand","414",""
"Estonia","Oil shale - Transformation in gas works","1994","Metric tons,  thousand","451",""
"Estonia","Oil shale - Transformation in gas works","1993","Metric tons,  thousand","429",""
"Estonia","Oil shale - Transformation in gas works","1992","Metric tons,  thousand","363",""
"Estonia","Oil Shale - Transformation in coal liquefaction plants","2020","Metric tons,  thousand","7016.88",""
"Estonia","Oil Shale - Transformation in coal liquefaction plants","2019","Metric tons,  thousand","7257.981",""
"Estonia","Oil Shale - Transformation in coal liquefaction plants","2018","Metric tons,  thousand","6808.423",""
"Estonia","Oil Shale - Transformation in coal liquefaction plants","2017","Metric tons,  thousand","6560.719",""
"Estonia","Oil Shale - Transformation in coal liquefaction plants","2016","Metric tons,  thousand","5300",""
"Estonia","Oil Shale - Transformation in coal liquefaction plants","2015","Metric tons,  thousand","5714",""
"Estonia","Oil Shale - Transformation in coal liquefaction plants","2014","Metric tons,  thousand","4543",""
"Estonia","Oil Shale - Transformation in coal liquefaction plants","2013","Metric tons,  thousand","3865",""
"Estonia","Oil Shale - Transformation in coal liquefaction plants","2012","Metric tons,  thousand","3685",""
"Estonia","Oil Shale - Transformation in coal liquefaction plants","2011","Metric tons,  thousand","3534",""
"Estonia","Oil Shale - Transformation in coal liquefaction plants","2010","Metric tons,  thousand","3248",""
"Estonia","Oil Shale - Transformation in coal liquefaction plants","2009","Metric tons,  thousand","2874",""
"Estonia","Oil Shale - Transformation in coal liquefaction plants","2008","Metric tons,  thousand","2557",""
"Estonia","Oil Shale - Transformation in coal liquefaction plants","2007","Metric tons,  thousand","2303",""
"Estonia","Oil Shale - Transformation in coal liquefaction plants","2006","Metric tons,  thousand","2269",""
"Estonia","Oil Shale - Transformation in coal liquefaction plants","2005","Metric tons,  thousand","2226",""
"Estonia","Oil Shale - Transformation in coal liquefaction plants","2004","Metric tons,  thousand","2109",""
"Estonia","Oil Shale - Transformation in coal liquefaction plants","2003","Metric tons,  thousand","2081",""
"Estonia","Oil Shale - Transformation in coal liquefaction plants","2002","Metric tons,  thousand","1918",""
"Estonia","Oil Shale - Transformation in coal liquefaction plants","2001","Metric tons,  thousand","1816",""
"Estonia","Oil Shale - Transformation in coal liquefaction plants","2000","Metric tons,  thousand","1684",""
"Estonia","Oil Shale - Transformation in coal liquefaction plants","1999","Metric tons,  thousand","1002",""
"Estonia","Oil Shale - Transformation in coal liquefaction plants","1998","Metric tons,  thousand","1468",""
"Estonia","Oil Shale - Transformation in coal liquefaction plants","1997","Metric tons,  thousand","2053",""
"Estonia","Oil Shale - Transformation in coal liquefaction plants","1996","Metric tons,  thousand","2001",""
"Estonia","Oil Shale - Transformation in coal liquefaction plants","1995","Metric tons,  thousand","1893",""
"Estonia","Oil Shale - Transformation in coal liquefaction plants","1994","Metric tons,  thousand","1922",""
"Estonia","Oil Shale - Transformation in coal liquefaction plants","1993","Metric tons,  thousand","1905",""
"Estonia","Oil Shale - Transformation in coal liquefaction plants","1992","Metric tons,  thousand","1608",""
"Estonia","Oil shale - Transformation in electricity, CHP and heat plants","2020","Metric tons,  thousand","2904.467",""
"Estonia","Oil shale - Transformation in electricity, CHP and heat plants","2019","Metric tons,  thousand","5640.365",""
"Estonia","Oil shale - Transformation in electricity, CHP and heat plants","2018","Metric tons,  thousand","12313.088",""
"Estonia","Oil shale - Transformation in electricity, CHP and heat plants","2017","Metric tons,  thousand","13371.891",""
"Estonia","Oil shale - Transformation in electricity, CHP and heat plants","2016","Metric tons,  thousand","12693",""
"Estonia","Oil shale - Transformation in electricity, CHP and heat plants","2015","Metric tons,  thousand","10909",""
"Estonia","Oil shale - Transformation in electricity, CHP and heat plants","2014","Metric tons,  thousand","14786",""
"Estonia","Oil shale - Transformation in electricity, CHP and heat plants","2013","Metric tons,  thousand","15430",""
"Estonia","Oil shale - Transformation in electricity, CHP and heat plants","2012","Metric tons,  thousand","12901",""
"Estonia","Oil shale - Transformation in electricity, CHP and heat plants","2011","Metric tons,  thousand","14266",""
"Estonia","Oil shale - Transformation in electricity, CHP and heat plants","2010","Metric tons,  thousand","14141",""
"Estonia","Oil shale - Transformation in electricity, CHP and heat plants","2009","Metric tons,  thousand","9711",""
"Estonia","Oil shale - Transformation in electricity, CHP and heat plants","2008","Metric tons,  thousand","12373",""
"Estonia","Oil shale - Transformation in electricity, CHP and heat plants","2007","Metric tons,  thousand","14679",""
"Estonia","Oil shale - Transformation in electricity, CHP and heat plants","2006","Metric tons,  thousand","11039",""
"Estonia","Oil shale - Transformation in electricity, CHP and heat plants","2005","Metric tons,  thousand","11888",""
"Estonia","Oil shale - Transformation in electricity, CHP and heat plants","2004","Metric tons,  thousand","11691",""
"Estonia","Oil shale - Transformation in electricity, CHP and heat plants","2003","Metric tons,  thousand","11784",""
"Estonia","Oil shale - Transformation in electricity, CHP and heat plants","2002","Metric tons,  thousand","9657",""
"Estonia","Oil shale - Transformation in electricity, CHP and heat plants","2001","Metric tons,  thousand","9911",""
"Estonia","Oil shale - Transformation in electricity, CHP and heat plants","2000","Metric tons,  thousand","10011",""
"Estonia","Oil shale - Transformation in electricity, CHP and heat plants","1999","Metric tons,  thousand","10415",""
"Estonia","Oil shale - Transformation in electricity, CHP and heat plants","1998","Metric tons,  thousand","10919",""
"Estonia","Oil shale - Transformation in electricity, CHP and heat plants","1997","Metric tons,  thousand","12074",""
"Estonia","Oil shale - Transformation in electricity, CHP and heat plants","1996","Metric tons,  thousand","12216",""
"Estonia","Oil shale - Transformation in electricity, CHP and heat plants","1995","Metric tons,  thousand","11724",""
"Estonia","Oil shale - Transformation in electricity, CHP and heat plants","1994","Metric tons,  thousand","13316",""
"Estonia","Oil shale - Transformation in electricity, CHP and heat plants","1993","Metric tons,  thousand","12780",""
"Estonia","Oil shale - Transformation in electricity, CHP and heat plants","1992","Metric tons,  thousand","16831",""
"Estonia","Oil Shale - Transformation in electricity plants - main activity producers","2020","Metric tons,  thousand","2617.674",""
"Estonia","Oil Shale - Transformation in electricity plants - main activity producers","2019","Metric tons,  thousand","5212.255",""
"Estonia","Oil Shale - Transformation in electricity plants - main activity producers","2018","Metric tons,  thousand","11779.797",""
"Estonia","Oil Shale - Transformation in electricity plants - main activity producers","2017","Metric tons,  thousand","12885.776",""
"Estonia","Oil Shale - Transformation in electricity plants - main activity producers","2016","Metric tons,  thousand","12186",""
"Estonia","Oil Shale - Transformation in electricity plants - main activity producers","2015","Metric tons,  thousand","10280",""
"Estonia","Oil Shale - Transformation in electricity plants - main activity producers","2014","Metric tons,  thousand","14153",""
"Estonia","Oil Shale - Transformation in electricity plants - main activity producers","2013","Metric tons,  thousand","14686",""
"Estonia","Oil Shale - Transformation in electricity plants - main activity producers","2012","Metric tons,  thousand","12229",""
"Estonia","Oil Shale - Transformation in electricity plants - main activity producers","2011","Metric tons,  thousand","13617",""
"Estonia","Oil Shale - Transformation in electricity plants - main activity producers","2010","Metric tons,  thousand","13318",""
"Estonia","Oil Shale - Transformation in electricity plants - main activity producers","2009","Metric tons,  thousand","8950",""
"Estonia","Oil Shale - Transformation in electricity plants - main activity producers","2008","Metric tons,  thousand","11295",""
"Estonia","Oil Shale - Transformation in electricity plants - main activity producers","2007","Metric tons,  thousand","12887",""
"Estonia","Oil Shale - Transformation in electricity plants - main activity producers","2006","Metric tons,  thousand","9928",""
"Estonia","Oil Shale - Transformation in electricity plants - main activity producers","2005","Metric tons,  thousand","10665",""
"Estonia","Oil Shale - Transformation in electricity plants - main activity producers","2004","Metric tons,  thousand","9764",""
"Estonia","Oil Shale - Transformation in electricity plants - main activity producers","2003","Metric tons,  thousand","10329",""
"Estonia","Oil Shale - Transformation in electricity plants - main activity producers","2002","Metric tons,  thousand","8178",""
"Estonia","Oil Shale - Transformation in electricity plants - main activity producers","2001","Metric tons,  thousand","8326",""
"Estonia","Oil Shale - Transformation in electricity plants - main activity producers","2000","Metric tons,  thousand","8439",""
"Estonia","Oil Shale - Transformation in electricity plants - main activity producers","1999","Metric tons,  thousand","8760",""
"Estonia","Oil Shale - Transformation in electricity plants - main activity producers","1998","Metric tons,  thousand","8956",""
"Estonia","Oil Shale - Transformation in electricity plants - main activity producers","1997","Metric tons,  thousand","9894",""
"Estonia","Oil Shale - Transformation in electricity plants - main activity producers","1996","Metric tons,  thousand","0",""
"Estonia","Oil Shale - Transformation in electricity plants - main activity producers","1995","Metric tons,  thousand","0",""
"Estonia","Oil Shale - Transformation in electricity plants - main activity producers","1994","Metric tons,  thousand","0",""
"Estonia","Oil Shale - Transformation in electricity plants - main activity producers","1993","Metric tons,  thousand","0",""
"Estonia","Oil Shale - Transformation in electricity plants - main activity producers","1992","Metric tons,  thousand","0",""
"Estonia","Oil Shale - Transformation in electricity plants - autoproducers","2019","Metric tons,  thousand","1.865",""
"Estonia","Oil Shale - Transformation in electricity plants - autoproducers","2018","Metric tons,  thousand","3",""
"Estonia","Oil Shale - Transformation in electricity plants - autoproducers","2017","Metric tons,  thousand","2.963",""
"Estonia","Oil Shale - Transformation in electricity plants - autoproducers","2016","Metric tons,  thousand","52",""
"Estonia","Oil Shale - Transformation in electricity plants - autoproducers","2015","Metric tons,  thousand","80",""
"Estonia","Oil Shale - Transformation in electricity plants - autoproducers","2014","Metric tons,  thousand","0",""
"Estonia","Oil Shale - Transformation in electricity plants - autoproducers","2013","Metric tons,  thousand","2",""
"Estonia","Oil Shale - Transformation in electricity plants - autoproducers","2012","Metric tons,  thousand","2",""
"Estonia","Oil Shale - Transformation in electricity plants - autoproducers","2011","Metric tons,  thousand","2",""
"Estonia","Oil Shale - Transformation in electricity plants - autoproducers","2010","Metric tons,  thousand","10",""
"Estonia","Oil Shale - Transformation in electricity plants - autoproducers","2009","Metric tons,  thousand","0",""
"Estonia","Oil Shale - Transformation in electricity plants - autoproducers","2008","Metric tons,  thousand","0",""
"Estonia","Oil Shale - Transformation in electricity plants - autoproducers","2007","Metric tons,  thousand","0",""
"Estonia","Oil Shale - Transformation in electricity plants - autoproducers","2006","Metric tons,  thousand","0",""
"Estonia","Oil Shale - Transformation in electricity plants - autoproducers","2005","Metric tons,  thousand","0",""
"Estonia","Oil Shale - Transformation in electricity plants - autoproducers","2004","Metric tons,  thousand","2",""
"Estonia","Oil Shale - Transformation in electricity plants - autoproducers","2003","Metric tons,  thousand","0",""
"Estonia","Oil Shale - Transformation in electricity plants - autoproducers","2000","Metric tons,  thousand","2",""
"Estonia","Oil Shale - Transformation in electricity plants - autoproducers","1999","Metric tons,  thousand","2",""
"Estonia","Oil Shale - Transformation in electricity plants - autoproducers","1998","Metric tons,  thousand","11",""
"Estonia","Oil Shale - Transformation in electricity plants - autoproducers","1997","Metric tons,  thousand","11",""
"Estonia","Oil Shale - Transformation in electricity plants - autoproducers","1996","Metric tons,  thousand","0",""
"Estonia","Oil Shale - Transformation in electricity plants - autoproducers","1995","Metric tons,  thousand","0",""
"Estonia","Oil Shale - Transformation in electricity plants - autoproducers","1994","Metric tons,  thousand","0",""
"Estonia","Oil Shale - Transformation in electricity plants - autoproducers","1993","Metric tons,  thousand","0",""
"Estonia","Oil Shale - Transformation in electricity plants - autoproducers","1992","Metric tons,  thousand","0",""
"Estonia","Oil Shale - Transformation in CHP plants - main activity producers","2020","Metric tons,  thousand","265.803",""
"Estonia","Oil Shale - Transformation in CHP plants - main activity producers","2019","Metric tons,  thousand","418.008",""
"Estonia","Oil Shale - Transformation in CHP plants - main activity producers","2018","Metric tons,  thousand","518.291",""
"Estonia","Oil Shale - Transformation in CHP plants - main activity producers","2017","Metric tons,  thousand","473",""
"Estonia","Oil Shale - Transformation in CHP plants - main activity producers","2016","Metric tons,  thousand","455",""
"Estonia","Oil Shale - Transformation in CHP plants - main activity producers","2015","Metric tons,  thousand","549",""
"Estonia","Oil Shale - Transformation in CHP plants - main activity producers","2014","Metric tons,  thousand","633",""
"Estonia","Oil Shale - Transformation in CHP plants - main activity producers","2013","Metric tons,  thousand","733",""
"Estonia","Oil Shale - Transformation in CHP plants - main activity producers","2012","Metric tons,  thousand","642",""
"Estonia","Oil Shale - Transformation in CHP plants - main activity producers","2011","Metric tons,  thousand","614",""
"Estonia","Oil Shale - Transformation in CHP plants - main activity producers","2010","Metric tons,  thousand","791",""
"Estonia","Oil Shale - Transformation in CHP plants - main activity producers","2009","Metric tons,  thousand","722",""
"Estonia","Oil Shale - Transformation in CHP plants - main activity producers","2008","Metric tons,  thousand","1011",""
"Estonia","Oil Shale - Transformation in CHP plants - main activity producers","2007","Metric tons,  thousand","1732",""
"Estonia","Oil Shale - Transformation in CHP plants - main activity producers","2006","Metric tons,  thousand","1053",""
"Estonia","Oil Shale - Transformation in CHP plants - main activity producers","2005","Metric tons,  thousand","1204",""
"Estonia","Oil Shale - Transformation in CHP plants - main activity producers","2004","Metric tons,  thousand","1883",""
"Estonia","Oil Shale - Transformation in CHP plants - main activity producers","2003","Metric tons,  thousand","1030",""
"Estonia","Oil Shale - Transformation in CHP plants - main activity producers","2002","Metric tons,  thousand","1412",""
"Estonia","Oil Shale - Transformation in CHP plants - main activity producers","2001","Metric tons,  thousand","1557",""
"Estonia","Oil Shale - Transformation in CHP plants - main activity producers","2000","Metric tons,  thousand","1515",""
"Estonia","Oil Shale - Transformation in CHP plants - main activity producers","1999","Metric tons,  thousand","1570",""
"Estonia","Oil Shale - Transformation in CHP plants - main activity producers","1998","Metric tons,  thousand","1856",""
"Estonia","Oil Shale - Transformation in CHP plants - main activity producers","1997","Metric tons,  thousand","2041",""
"Estonia","Oil Shale - Transformation in CHP plants - main activity producers","1996","Metric tons,  thousand","12059",""
"Estonia","Oil Shale - Transformation in CHP plants - main activity producers","1995","Metric tons,  thousand","11560",""
"Estonia","Oil Shale - Transformation in CHP plants - main activity producers","1994","Metric tons,  thousand","12951",""
"Estonia","Oil Shale - Transformation in CHP plants - main activity producers","1993","Metric tons,  thousand","12768",""
"Estonia","Oil Shale - Transformation in CHP plants - main activity producers","1992","Metric tons,  thousand","16831",""
"Estonia","Oil Shale - Transformation in CHP plants - autoproducers","2020","Metric tons,  thousand","20.99",""
"Estonia","Oil Shale - Transformation in CHP plants - autoproducers","2019","Metric tons,  thousand","8.237",""
"Estonia","Oil Shale - Transformation in CHP plants - autoproducers","2018","Metric tons,  thousand","12",""
"Estonia","Oil Shale - Transformation in CHP plants - autoproducers","2017","Metric tons,  thousand","10.152",""
"Estonia","Oil Shale - Transformation in CHP plants - autoproducers","2015","Metric tons,  thousand","0",""
"Estonia","Oil Shale - Transformation in CHP plants - autoproducers","2014","Metric tons,  thousand","0",""
"Estonia","Oil Shale - Transformation in CHP plants - autoproducers","2013","Metric tons,  thousand","4",""
"Estonia","Oil Shale - Transformation in CHP plants - autoproducers","2012","Metric tons,  thousand","4",""
"Estonia","Oil Shale - Transformation in CHP plants - autoproducers","2011","Metric tons,  thousand","10",""
"Estonia","Oil Shale - Transformation in CHP plants - autoproducers","2010","Metric tons,  thousand","0",""
"Estonia","Oil Shale - Transformation in CHP plants - autoproducers","2009","Metric tons,  thousand","24",""
"Estonia","Oil Shale - Transformation in CHP plants - autoproducers","2008","Metric tons,  thousand","24",""
"Estonia","Oil Shale - Transformation in CHP plants - autoproducers","2007","Metric tons,  thousand","26",""
"Estonia","Oil Shale - Transformation in CHP plants - autoproducers","2006","Metric tons,  thousand","7",""
"Estonia","Oil Shale - Transformation in CHP plants - autoproducers","2005","Metric tons,  thousand","7",""
"Estonia","Oil Shale - Transformation in CHP plants - autoproducers","2004","Metric tons,  thousand","3",""
"Estonia","Oil Shale - Transformation in CHP plants - autoproducers","2003","Metric tons,  thousand","0",""
"Estonia","Oil Shale - Transformation in CHP plants - autoproducers","2002","Metric tons,  thousand","0",""
"Estonia","Oil Shale - Transformation in CHP plants - autoproducers","2001","Metric tons,  thousand","12",""
"Estonia","Oil Shale - Transformation in CHP plants - autoproducers","2000","Metric tons,  thousand","8",""
"Estonia","Oil Shale - Transformation in CHP plants - autoproducers","1999","Metric tons,  thousand","0",""
"Estonia","Oil Shale - Transformation in CHP plants - autoproducers","1998","Metric tons,  thousand","8",""
"Estonia","Oil Shale - Transformation in CHP plants - autoproducers","1997","Metric tons,  thousand","17",""
"Estonia","Oil Shale - Transformation in CHP plants - autoproducers","1996","Metric tons,  thousand","133",""
"Estonia","Oil Shale - Transformation in CHP plants - autoproducers","1995","Metric tons,  thousand","136",""
"Estonia","Oil Shale - Transformation in CHP plants - autoproducers","1994","Metric tons,  thousand","278",""
"Estonia","Oil Shale - Transformation in CHP plants - autoproducers","1993","Metric tons,  thousand","0",""
"Estonia","Oil Shale - Transformation in CHP plants - autoproducers","1992","Metric tons,  thousand","0",""
"Estonia","Oil Shale - Transformation in heat plants - main activity producers","2015","Metric tons,  thousand","0",""
"Estonia","Oil Shale - Transformation in heat plants - main activity producers","2014","Metric tons,  thousand","0",""
"Estonia","Oil Shale - Transformation in heat plants - main activity producers","2013","Metric tons,  thousand","5",""
"Estonia","Oil Shale - Transformation in heat plants - main activity producers","2012","Metric tons,  thousand","24",""
"Estonia","Oil Shale - Transformation in heat plants - main activity producers","2011","Metric tons,  thousand","23",""
"Estonia","Oil Shale - Transformation in heat plants - main activity producers","2010","Metric tons,  thousand","16",""
"Estonia","Oil Shale - Transformation in heat plants - main activity producers","2009","Metric tons,  thousand","9",""
"Estonia","Oil Shale - Transformation in heat plants - main activity producers","2008","Metric tons,  thousand","36",""
"Estonia","Oil Shale - Transformation in heat plants - main activity producers","2007","Metric tons,  thousand","34",""
"Estonia","Oil Shale - Transformation in heat plants - main activity producers","2006","Metric tons,  thousand","51",""
"Estonia","Oil Shale - Transformation in heat plants - main activity producers","2005","Metric tons,  thousand","12",""
"Estonia","Oil Shale - Transformation in heat plants - main activity producers","2004","Metric tons,  thousand","36",""
"Estonia","Oil Shale - Transformation in heat plants - main activity producers","2003","Metric tons,  thousand","422",""
"Estonia","Oil Shale - Transformation in heat plants - main activity producers","2002","Metric tons,  thousand","51",""
"Estonia","Oil Shale - Transformation in heat plants - main activity producers","2001","Metric tons,  thousand","15",""
"Estonia","Oil Shale - Transformation in heat plants - main activity producers","2000","Metric tons,  thousand","37",""
"Estonia","Oil Shale - Transformation in heat plants - main activity producers","1999","Metric tons,  thousand","80",""
"Estonia","Oil Shale - Transformation in heat plants - main activity producers","1998","Metric tons,  thousand","71",""
"Estonia","Oil Shale - Transformation in heat plants - main activity producers","1997","Metric tons,  thousand","60",""
"Estonia","Oil Shale - Transformation in heat plants - main activity producers","1996","Metric tons,  thousand","7",""
"Estonia","Oil Shale - Transformation in heat plants - main activity producers","1995","Metric tons,  thousand","13",""
"Estonia","Oil Shale - Transformation in heat plants - main activity producers","1994","Metric tons,  thousand","15",""
"Estonia","Oil Shale - Transformation in heat plants - main activity producers","1993","Metric tons,  thousand","12",""
"Estonia","Oil Shale - Transformation in heat plants - main activity producers","1992","Metric tons,  thousand","0",""
"Estonia","Oil Shale - Transformation in heat plants - autoproducers","2015","Metric tons,  thousand","0",""
"Estonia","Oil Shale - Transformation in heat plants - autoproducers","2014","Metric tons,  thousand","0",""
"Estonia","Oil Shale - Transformation in heat plants - autoproducers","2013","Metric tons,  thousand","0",""
"Estonia","Oil Shale - Transformation in heat plants - autoproducers","2012","Metric tons,  thousand","0",""
"Estonia","Oil Shale - Transformation in heat plants - autoproducers","2011","Metric tons,  thousand","0",""
"Estonia","Oil Shale - Transformation in heat plants - autoproducers","2010","Metric tons,  thousand","6",""
"Estonia","Oil Shale - Transformation in heat plants - autoproducers","2009","Metric tons,  thousand","6",""
"Estonia","Oil Shale - Transformation in heat plants - autoproducers","2008","Metric tons,  thousand","7",""
"Estonia","Oil Shale - Transformation in heat plants - autoproducers","2007","Metric tons,  thousand","0",""
"Estonia","Oil Shale - Transformation in heat plants - autoproducers","2006","Metric tons,  thousand","0",""
"Estonia","Oil Shale - Transformation in heat plants - autoproducers","2005","Metric tons,  thousand","0",""
"Estonia","Oil Shale - Transformation in heat plants - autoproducers","2004","Metric tons,  thousand","3",""
"Estonia","Oil Shale - Transformation in heat plants - autoproducers","2003","Metric tons,  thousand","3",""
"Estonia","Oil Shale - Transformation in heat plants - autoproducers","2002","Metric tons,  thousand","16",""
"Estonia","Oil Shale - Transformation in heat plants - autoproducers","2001","Metric tons,  thousand","1",""
"Estonia","Oil Shale - Transformation in heat plants - autoproducers","2000","Metric tons,  thousand","10",""
"Estonia","Oil Shale - Transformation in heat plants - autoproducers","1999","Metric tons,  thousand","3",""
"Estonia","Oil Shale - Transformation in heat plants - autoproducers","1998","Metric tons,  thousand","17",""
"Estonia","Oil Shale - Transformation in heat plants - autoproducers","1997","Metric tons,  thousand","51",""
"Estonia","Oil Shale - Transformation in heat plants - autoproducers","1996","Metric tons,  thousand","17",""
"Estonia","Oil Shale - Transformation in heat plants - autoproducers","1995","Metric tons,  thousand","15",""
"Estonia","Oil Shale - Transformation in heat plants - autoproducers","1994","Metric tons,  thousand","72",""
"Estonia","Oil Shale - Transformation in heat plants - autoproducers","1993","Metric tons,  thousand","0",""
"Estonia","Oil Shale - Transformation in heat plants - autoproducers","1992","Metric tons,  thousand","0",""
"Estonia","Oil shale - Non-energy use","2020","Metric tons,  thousand","327.91",""
"Estonia","Oil shale - Non-energy use","2019","Metric tons,  thousand","309.283",""
"Estonia","Oil shale - Non-energy use","2018","Metric tons,  thousand","313.688",""
"Estonia","Oil shale - Non-energy use","2017","Metric tons,  thousand","335.534",""
"Estonia","Oil shale - Non-energy use","2016","Metric tons,  thousand","102",""
"Estonia","Oil shale - Non-energy use","2015","Metric tons,  thousand","105",""
"Estonia","Oil shale - Non-energy use","2014","Metric tons,  thousand","82",""
"Estonia","Oil shale - Non-energy use","2013","Metric tons,  thousand","68",""
"Estonia","Oil shale - Non-energy use","2012","Metric tons,  thousand","73",""
"Estonia","Oil shale - Non-energy use","2011","Metric tons,  thousand","65",""
"Estonia","Oil shale - Non-energy use","2010","Metric tons,  thousand","64",""
"Estonia","Oil shale - Non-energy use","2009","Metric tons,  thousand","54",""
"Estonia","Oil shale - Non-energy use","2008","Metric tons,  thousand","46",""
"Estonia","Oil shale - Non-energy use","2007","Metric tons,  thousand","35",""
"Estonia","Oil shale - Non-energy use","2006","Metric tons,  thousand","37",""
"Estonia","Oil shale - Non-energy use","2005","Metric tons,  thousand","36",""
"Estonia","Oil shale - Non-energy use","2004","Metric tons,  thousand","34",""
"Estonia","Oil shale - Non-energy use","2003","Metric tons,  thousand","30",""
"Estonia","Oil shale - Non-energy use","2002","Metric tons,  thousand","28",""
"Estonia","Oil shale - Non-energy use","2001","Metric tons,  thousand","29",""
"Estonia","Oil shale - Non-energy use","2000","Metric tons,  thousand","23",""
"Estonia","Oil shale - Non-energy use","1999","Metric tons,  thousand","18",""
"Estonia","Oil shale - Non-energy use","1998","Metric tons,  thousand","21",""
"Estonia","Oil shale - Non-energy use","1997","Metric tons,  thousand","24",""
"Estonia","Oil shale - Non-energy use","1996","Metric tons,  thousand","23",""
"Estonia","Oil shale - Non-energy use","1995","Metric tons,  thousand","20",""
"Estonia","Oil shale - Non-energy use","1994","Metric tons,  thousand","21",""
"Estonia","Oil shale - Non-energy use","1993","Metric tons,  thousand","24",""
"Estonia","Oil shale - Non-energy use","1992","Metric tons,  thousand","14",""
"Estonia","Oil Shale - Final energy consumption","2020","Metric tons,  thousand","6.55",""
"Estonia","Oil Shale - Final energy consumption","2019","Metric tons,  thousand","95.795",""
"Estonia","Oil Shale - Final energy consumption","2018","Metric tons,  thousand","106.338",""
"Estonia","Oil Shale - Final energy consumption","2017","Metric tons,  thousand","95.593",""
"Estonia","Oil Shale - Final energy consumption","2016","Metric tons,  thousand","48",""
"Estonia","Oil Shale - Final energy consumption","2015","Metric tons,  thousand","70",""
"Estonia","Oil Shale - Final energy consumption","2014","Metric tons,  thousand","150",""
"Estonia","Oil Shale - Final energy consumption","2013","Metric tons,  thousand","156",""
"Estonia","Oil Shale - Final energy consumption","2012","Metric tons,  thousand","178",""
"Estonia","Oil Shale - Final energy consumption","2011","Metric tons,  thousand","222",""
"Estonia","Oil Shale - Final energy consumption","2010","Metric tons,  thousand","182",""
"Estonia","Oil Shale - Final energy consumption","2009","Metric tons,  thousand","132",""
"Estonia","Oil Shale - Final energy consumption","2008","Metric tons,  thousand","285",""
"Estonia","Oil Shale - Final energy consumption","2007","Metric tons,  thousand","292",""
"Estonia","Oil Shale - Final energy consumption","2006","Metric tons,  thousand","203",""
"Estonia","Oil Shale - Final energy consumption","2005","Metric tons,  thousand","266",""
"Estonia","Oil Shale - Final energy consumption","2004","Metric tons,  thousand","181",""
"Estonia","Oil Shale - Final energy consumption","2003","Metric tons,  thousand","163",""
"Estonia","Oil Shale - Final energy consumption","2002","Metric tons,  thousand","187",""
"Estonia","Oil Shale - Final energy consumption","2001","Metric tons,  thousand","217",""
"Estonia","Oil Shale - Final energy consumption","2000","Metric tons,  thousand","221",""
"Estonia","Oil Shale - Final energy consumption","1999","Metric tons,  thousand","219",""
"Estonia","Oil Shale - Final energy consumption","1998","Metric tons,  thousand","334",""
"Estonia","Oil Shale - Final energy consumption","1997","Metric tons,  thousand","326",""
"Estonia","Oil Shale - Final energy consumption","1996","Metric tons,  thousand","330",""
"Estonia","Oil Shale - Final energy consumption","1995","Metric tons,  thousand","330",""
"Estonia","Oil Shale - Final energy consumption","1994","Metric tons,  thousand","339",""
"Estonia","Oil Shale - Final energy consumption","1993","Metric tons,  thousand","258",""
"Estonia","Oil Shale - Final energy consumption","1992","Metric tons,  thousand","361",""
"Estonia","Oil Shale - Consumption by manufacturing, construction and non-fuel industry","2020","Metric tons,  thousand","6.55",""
"Estonia","Oil Shale - Consumption by manufacturing, construction and non-fuel industry","2019","Metric tons,  thousand","95.795",""
"Estonia","Oil Shale - Consumption by manufacturing, construction and non-fuel industry","2018","Metric tons,  thousand","106.338",""
"Estonia","Oil Shale - Consumption by manufacturing, construction and non-fuel industry","2017","Metric tons,  thousand","95.593",""
"Estonia","Oil Shale - Consumption by manufacturing, construction and non-fuel industry","2016","Metric tons,  thousand","48",""
"Estonia","Oil Shale - Consumption by manufacturing, construction and non-fuel industry","2015","Metric tons,  thousand","70",""
"Estonia","Oil Shale - Consumption by manufacturing, construction and non-fuel industry","2014","Metric tons,  thousand","150",""
"Estonia","Oil Shale - Consumption by manufacturing, construction and non-fuel industry","2013","Metric tons,  thousand","156",""
"Estonia","Oil Shale - Consumption by manufacturing, construction and non-fuel industry","2012","Metric tons,  thousand","178",""
"Estonia","Oil Shale - Consumption by manufacturing, construction and non-fuel industry","2011","Metric tons,  thousand","222",""
"Estonia","Oil Shale - Consumption by manufacturing, construction and non-fuel industry","2010","Metric tons,  thousand","182",""
"Estonia","Oil Shale - Consumption by manufacturing, construction and non-fuel industry","2009","Metric tons,  thousand","132",""
"Estonia","Oil Shale - Consumption by manufacturing, construction and non-fuel industry","2008","Metric tons,  thousand","285",""
"Estonia","Oil Shale - Consumption by manufacturing, construction and non-fuel industry","2007","Metric tons,  thousand","292",""
"Estonia","Oil Shale - Consumption by manufacturing, construction and non-fuel industry","2006","Metric tons,  thousand","203",""
"Estonia","Oil Shale - Consumption by manufacturing, construction and non-fuel industry","2005","Metric tons,  thousand","266",""
"Estonia","Oil Shale - Consumption by manufacturing, construction and non-fuel industry","2004","Metric tons,  thousand","181",""
"Estonia","Oil Shale - Consumption by manufacturing, construction and non-fuel industry","2003","Metric tons,  thousand","163",""
"Estonia","Oil Shale - Consumption by manufacturing, construction and non-fuel industry","2002","Metric tons,  thousand","187",""
"Estonia","Oil Shale - Consumption by manufacturing, construction and non-fuel industry","2001","Metric tons,  thousand","217",""
"Estonia","Oil Shale - Consumption by manufacturing, construction and non-fuel industry","2000","Metric tons,  thousand","221",""
"Estonia","Oil Shale - Consumption by manufacturing, construction and non-fuel industry","1999","Metric tons,  thousand","219",""
"Estonia","Oil Shale - Consumption by manufacturing, construction and non-fuel industry","1998","Metric tons,  thousand","334",""
"Estonia","Oil Shale - Consumption by manufacturing, construction and non-fuel industry","1997","Metric tons,  thousand","326",""
"Estonia","Oil Shale - Consumption by manufacturing, construction and non-fuel industry","1996","Metric tons,  thousand","330",""
"Estonia","Oil Shale - Consumption by manufacturing, construction and non-fuel industry","1995","Metric tons,  thousand","330",""
"Estonia","Oil Shale - Consumption by manufacturing, construction and non-fuel industry","1994","Metric tons,  thousand","339",""
"Estonia","Oil Shale - Consumption by manufacturing, construction and non-fuel industry","1993","Metric tons,  thousand","258",""
"Estonia","Oil Shale - Consumption by manufacturing, construction and non-fuel industry","1992","Metric tons,  thousand","361",""
"Estonia","Oil shale - consumption by chemical and petrochemical industry","1996","Metric tons,  thousand","0",""
"Estonia","Oil shale - consumption by chemical and petrochemical industry","1995","Metric tons,  thousand","0",""
"Estonia","Oil shale - consumption by chemical and petrochemical industry","1994","Metric tons,  thousand","0",""
"Estonia","Oil shale - consumption by chemical and petrochemical industry","1993","Metric tons,  thousand","0",""
"Estonia","Oil shale - consumption by chemical and petrochemical industry","1992","Metric tons,  thousand","0",""
"Estonia","Oil shale - Consumption by other manuf., const. and non-fuel min. ind.","2020","Metric tons,  thousand","6.55",""
"Estonia","Oil shale - Consumption by other manuf., const. and non-fuel min. ind.","2019","Metric tons,  thousand","95.795",""
"Estonia","Oil shale - Consumption by other manuf., const. and non-fuel min. ind.","2018","Metric tons,  thousand","106.338",""
"Estonia","Oil shale - Consumption by other manuf., const. and non-fuel min. ind.","2017","Metric tons,  thousand","95.593",""
"Estonia","Oil shale - Consumption by other manuf., const. and non-fuel min. ind.","2016","Metric tons,  thousand","48",""
"Estonia","Oil shale - Consumption by other manuf., const. and non-fuel min. ind.","2015","Metric tons,  thousand","70",""
"Estonia","Oil shale - Consumption by other manuf., const. and non-fuel min. ind.","2014","Metric tons,  thousand","150",""
"Estonia","Oil shale - Consumption by other manuf., const. and non-fuel min. ind.","2013","Metric tons,  thousand","156",""
"Estonia","Oil shale - Consumption by other manuf., const. and non-fuel min. ind.","2012","Metric tons,  thousand","178",""
"Estonia","Oil shale - Consumption by other manuf., const. and non-fuel min. ind.","2011","Metric tons,  thousand","222",""
"Estonia","Oil shale - Consumption by other manuf., const. and non-fuel min. ind.","2010","Metric tons,  thousand","182",""
"Estonia","Oil shale - Consumption by other manuf., const. and non-fuel min. ind.","2009","Metric tons,  thousand","132",""
"Estonia","Oil shale - Consumption by other manuf., const. and non-fuel min. ind.","2008","Metric tons,  thousand","285",""
"Estonia","Oil shale - Consumption by other manuf., const. and non-fuel min. ind.","2007","Metric tons,  thousand","292",""
"Estonia","Oil shale - Consumption by other manuf., const. and non-fuel min. ind.","2006","Metric tons,  thousand","203",""
"Estonia","Oil shale - Consumption by other manuf., const. and non-fuel min. ind.","2005","Metric tons,  thousand","266",""
"Estonia","Oil shale - Consumption by other manuf., const. and non-fuel min. ind.","2004","Metric tons,  thousand","181",""
"Estonia","Oil shale - Consumption by other manuf., const. and non-fuel min. ind.","2003","Metric tons,  thousand","163",""
"Estonia","Oil shale - Consumption by other manuf., const. and non-fuel min. ind.","2002","Metric tons,  thousand","187",""
"Estonia","Oil shale - Consumption by other manuf., const. and non-fuel min. ind.","2001","Metric tons,  thousand","217",""
"Estonia","Oil shale - Consumption by other manuf., const. and non-fuel min. ind.","2000","Metric tons,  thousand","221",""
"Estonia","Oil shale - Consumption by other manuf., const. and non-fuel min. ind.","1999","Metric tons,  thousand","219",""
"Estonia","Oil shale - Consumption by other manuf., const. and non-fuel min. ind.","1998","Metric tons,  thousand","334",""
"Estonia","Oil shale - Consumption by other manuf., const. and non-fuel min. ind.","1997","Metric tons,  thousand","326",""
"Estonia","Oil shale - Consumption by other manuf., const. and non-fuel min. ind.","1996","Metric tons,  thousand","330",""
"Estonia","Oil shale - Consumption by other manuf., const. and non-fuel min. ind.","1995","Metric tons,  thousand","330",""
"Estonia","Oil shale - Consumption by other manuf., const. and non-fuel min. ind.","1994","Metric tons,  thousand","339",""
"Estonia","Oil shale - Consumption by other manuf., const. and non-fuel min. ind.","1993","Metric tons,  thousand","258",""
"Estonia","Oil shale - Consumption by other manuf., const. and non-fuel min. ind.","1992","Metric tons,  thousand","361",""
"Estonia","Oil Shale - Consumption by non-metallic minerals ","2020","Metric tons,  thousand","6.55",""
"Estonia","Oil Shale - Consumption by non-metallic minerals ","2019","Metric tons,  thousand","95.795",""
"Estonia","Oil Shale - Consumption by non-metallic minerals ","2018","Metric tons,  thousand","106.338",""
"Estonia","Oil Shale - Consumption by non-metallic minerals ","2017","Metric tons,  thousand","95.593",""
"Estonia","Oil Shale - Consumption by non-metallic minerals ","2016","Metric tons,  thousand","48",""
"Estonia","Oil Shale - Consumption by non-metallic minerals ","2015","Metric tons,  thousand","70",""
"Estonia","Oil Shale - Consumption by non-metallic minerals ","2014","Metric tons,  thousand","150",""
"Estonia","Oil Shale - Consumption by non-metallic minerals ","2013","Metric tons,  thousand","156",""
"Estonia","Oil Shale - Consumption by non-metallic minerals ","2012","Metric tons,  thousand","178",""
"Estonia","Oil Shale - Consumption by non-metallic minerals ","2011","Metric tons,  thousand","222",""
"Estonia","Oil Shale - Consumption by non-metallic minerals ","2010","Metric tons,  thousand","182",""
"Estonia","Oil Shale - Consumption by non-metallic minerals ","2009","Metric tons,  thousand","132",""
"Estonia","Oil Shale - Consumption by non-metallic minerals ","2008","Metric tons,  thousand","285",""
"Estonia","Oil Shale - Consumption by non-metallic minerals ","2007","Metric tons,  thousand","292",""
"Estonia","Oil Shale - Consumption by non-metallic minerals ","2006","Metric tons,  thousand","203",""
"Estonia","Oil Shale - Consumption by non-metallic minerals ","2005","Metric tons,  thousand","266",""
"Estonia","Oil Shale - Consumption by non-metallic minerals ","2004","Metric tons,  thousand","181",""
"Estonia","Oil Shale - Consumption by non-metallic minerals ","2003","Metric tons,  thousand","163",""
"Estonia","Oil Shale - Consumption by non-metallic minerals ","2002","Metric tons,  thousand","187",""
"Estonia","Oil Shale - Consumption by non-metallic minerals ","2001","Metric tons,  thousand","217",""
"Estonia","Oil Shale - Consumption by non-metallic minerals ","2000","Metric tons,  thousand","221",""
"Estonia","Oil Shale - Consumption by non-metallic minerals ","1999","Metric tons,  thousand","219",""
"Estonia","Oil Shale - Consumption by non-metallic minerals ","1998","Metric tons,  thousand","334",""
"Estonia","Oil Shale - Consumption by non-metallic minerals ","1997","Metric tons,  thousand","326",""
"Estonia","Oil Shale - Consumption by non-metallic minerals ","1996","Metric tons,  thousand","330",""
"Estonia","Oil Shale - Consumption by non-metallic minerals ","1995","Metric tons,  thousand","330",""
"Estonia","Oil Shale - Consumption by non-metallic minerals ","1994","Metric tons,  thousand","339",""
"Estonia","Oil Shale - Consumption by non-metallic minerals ","1993","Metric tons,  thousand","258",""
"Estonia","Oil Shale - Consumption by non-metallic minerals ","1992","Metric tons,  thousand","361",""
"Estonia","Oil Shale - Consumption by wood and wood products ","1996","Metric tons,  thousand","0",""
"Estonia","Oil Shale - Consumption by wood and wood products ","1995","Metric tons,  thousand","0",""
"Estonia","Oil Shale - Consumption by wood and wood products ","1994","Metric tons,  thousand","0",""
"Estonia","Oil Shale - Consumption by wood and wood products ","1993","Metric tons,  thousand","0",""
"Estonia","Oil Shale - Consumption by wood and wood products ","1992","Metric tons,  thousand","0",""
"Estonia","Oil Shale - Consumption by textile and leather ","1996","Metric tons,  thousand","0",""
"Estonia","Oil Shale - Consumption by textile and leather ","1995","Metric tons,  thousand","0",""
"Estonia","Oil Shale - Consumption by textile and leather ","1994","Metric tons,  thousand","0",""
"Estonia","Oil Shale - Consumption by textile and leather ","1993","Metric tons,  thousand","0",""
"Estonia","Oil Shale - Consumption by textile and leather ","1992","Metric tons,  thousand","0",""
"Estonia","Oil shale - Total energy supply","2021","Metric tons,  thousand","13741.423",""
"Estonia","Oil shale - Total energy supply","2020","Metric tons,  thousand","12041.411",""
"Estonia","Oil shale - Total energy supply","2019","Metric tons,  thousand","15253.086",""
"Estonia","Oil shale - Total energy supply","2018","Metric tons,  thousand","21373.773",""
"Estonia","Oil shale - Total energy supply","2017","Metric tons,  thousand","21891.34",""
"Estonia","Oil shale - Total energy supply","2016","Metric tons,  thousand","19566",""
"Estonia","Oil shale - Total energy supply","2015","Metric tons,  thousand","18051",""
"Estonia","Oil shale - Total energy supply","2014","Metric tons,  thousand","20630",""
"Estonia","Oil shale - Total energy supply","2013","Metric tons,  thousand","20453",""
"Estonia","Oil shale - Total energy supply","2012","Metric tons,  thousand","17845",""
"Estonia","Oil shale - Total energy supply","2011","Metric tons,  thousand","19001",""
"Estonia","Oil shale - Total energy supply","2010","Metric tons,  thousand","18489",""
"Estonia","Oil shale - Total energy supply","2009","Metric tons,  thousand","13483",""
"Estonia","Oil shale - Total energy supply","2008","Metric tons,  thousand","16001",""
"Estonia","Oil shale - Total energy supply","2007","Metric tons,  thousand","18023",""
"Estonia","Oil shale - Total energy supply","2006","Metric tons,  thousand","14229",""
"Estonia","Oil shale - Total energy supply","2005","Metric tons,  thousand","15041",""
"Estonia","Oil shale - Total energy supply","2004","Metric tons,  thousand","14650",""
"Estonia","Oil shale - Total energy supply","2003","Metric tons,  thousand","14605",""
"Estonia","Oil shale - Total energy supply","2002","Metric tons,  thousand","12317",""
"Estonia","Oil shale - Total energy supply","2001","Metric tons,  thousand","12464",""
"Estonia","Oil shale - Total energy supply","2000","Metric tons,  thousand","12368",""
"Estonia","Oil shale - Total energy supply","1999","Metric tons,  thousand","11933",""
"Estonia","Oil shale - Total energy supply","1998","Metric tons,  thousand","13118",""
"Estonia","Oil shale - Total energy supply","1997","Metric tons,  thousand","15091",""
"Estonia","Oil shale - Total energy supply","1996","Metric tons,  thousand","15181",""
"Estonia","Oil shale - Total energy supply","1995","Metric tons,  thousand","14536",""
"Estonia","Oil shale - Total energy supply","1994","Metric tons,  thousand","16197",""
"Estonia","Oil shale - Total energy supply","1993","Metric tons,  thousand","15531",""
"Estonia","Oil shale - Total energy supply","1992","Metric tons,  thousand","19328",""
"Estonia","Oil Shale - Final consumption","2020","Metric tons,  thousand","334.46",""
"Estonia","Oil Shale - Final consumption","2019","Metric tons,  thousand","405.078",""
"Estonia","Oil Shale - Final consumption","2018","Metric tons,  thousand","420.026",""
"Estonia","Oil Shale - Final consumption","2017","Metric tons,  thousand","431.127",""
"Estonia","Oil Shale - Final consumption","2016","Metric tons,  thousand","150",""
"Estonia","Oil Shale - Final consumption","2015","Metric tons,  thousand","175",""
"Estonia","Oil Shale - Final consumption","2014","Metric tons,  thousand","232",""
"Estonia","Oil Shale - Final consumption","2013","Metric tons,  thousand","224",""
"Estonia","Oil Shale - Final consumption","2012","Metric tons,  thousand","251",""
"Estonia","Oil Shale - Final consumption","2011","Metric tons,  thousand","287",""
"Estonia","Oil Shale - Final consumption","2010","Metric tons,  thousand","246",""
"Estonia","Oil Shale - Final consumption","2009","Metric tons,  thousand","186",""
"Estonia","Oil Shale - Final consumption","2008","Metric tons,  thousand","331",""
"Estonia","Oil Shale - Final consumption","2007","Metric tons,  thousand","327",""
"Estonia","Oil Shale - Final consumption","2006","Metric tons,  thousand","240",""
"Estonia","Oil Shale - Final consumption","2005","Metric tons,  thousand","302",""
"Estonia","Oil Shale - Final consumption","2004","Metric tons,  thousand","215",""
"Estonia","Oil Shale - Final consumption","2003","Metric tons,  thousand","193",""
"Estonia","Oil Shale - Final consumption","2002","Metric tons,  thousand","215",""
"Estonia","Oil Shale - Final consumption","2001","Metric tons,  thousand","246",""
"Estonia","Oil Shale - Final consumption","2000","Metric tons,  thousand","244",""
"Estonia","Oil Shale - Final consumption","1999","Metric tons,  thousand","237",""
"Estonia","Oil Shale - Final consumption","1998","Metric tons,  thousand","355",""
"Estonia","Oil Shale - Final consumption","1997","Metric tons,  thousand","350",""
"Estonia","Oil Shale - Final consumption","1996","Metric tons,  thousand","353",""
"Estonia","Oil Shale - Final consumption","1995","Metric tons,  thousand","350",""
"Estonia","Oil Shale - Final consumption","1994","Metric tons,  thousand","360",""
"Estonia","Oil Shale - Final consumption","1993","Metric tons,  thousand","282",""
"Estonia","Oil Shale - Final consumption","1992","Metric tons,  thousand","375",""
"Israel","Oil shale - Production","2021","Metric tons,  thousand","430.84",""
"Israel","Oil shale - Production","2020","Metric tons,  thousand","392.99",""
"Israel","Oil shale - Production","2019","Metric tons,  thousand","402.781",""
"Israel","Oil shale - Production","2018","Metric tons,  thousand","414.58",""
"Israel","Oil shale - Production","2017","Metric tons,  thousand","449.107",""
"Israel","Oil shale - Production","2016","Metric tons,  thousand","423",""
"Israel","Oil shale - Production","2015","Metric tons,  thousand","420",""
"Israel","Oil shale - Production","2014","Metric tons,  thousand","396",""
"Israel","Oil shale - Production","2013","Metric tons,  thousand","421",""
"Israel","Oil shale - Production","2012","Metric tons,  thousand","423",""
"Israel","Oil shale - Production","2011","Metric tons,  thousand","416",""
"Israel","Oil shale - Production","2010","Metric tons,  thousand","432",""
"Israel","Oil shale - Production","2009","Metric tons,  thousand","444",""
"Israel","Oil shale - Production","2008","Metric tons,  thousand","427",""
"Israel","Oil shale - Production","2007","Metric tons,  thousand","429",""
"Israel","Oil shale - Production","2006","Metric tons,  thousand","452",""
"Israel","Oil shale - Production","2005","Metric tons,  thousand","429",""
"Israel","Oil shale - Production","2004","Metric tons,  thousand","439",""
"Israel","Oil shale - Production","2003","Metric tons,  thousand","437",""
"Israel","Oil shale - Production","2002","Metric tons,  thousand","458",""
"Israel","Oil shale - Production","2001","Metric tons,  thousand","415",""
"Israel","Oil shale - Production","2000","Metric tons,  thousand","390",""
"Israel","Oil shale - Production","1999","Metric tons,  thousand","495",""
"Israel","Oil shale - Production","1998","Metric tons,  thousand","471",""
"Israel","Oil shale - Production","1997","Metric tons,  thousand","472",""
"Israel","Oil shale - Production","1996","Metric tons,  thousand","421",""
"Israel","Oil shale - Production","1995","Metric tons,  thousand","470",""
"Israel","Oil shale - Production","1994","Metric tons,  thousand","381",""
"Israel","Oil shale - Production","1993","Metric tons,  thousand","399",""
"Israel","Oil shale - Production","1992","Metric tons,  thousand","355",""
"Israel","Oil shale - Production","1991","Metric tons,  thousand","336",""
"Israel","Oil shale - Production","1990","Metric tons,  thousand","303",""
"Israel","Oil shale - Transformation","2020","Metric tons,  thousand","131.067",""
"Israel","Oil shale - Transformation","2019","Metric tons,  thousand","154.64",""
"Israel","Oil shale - Transformation","2018","Metric tons,  thousand","163.27",""
"Israel","Oil shale - Transformation","2017","Metric tons,  thousand","449.107",""
"Israel","Oil shale - Transformation","2016","Metric tons,  thousand","423",""
"Israel","Oil shale - Transformation","2015","Metric tons,  thousand","420",""
"Israel","Oil shale - Transformation","2014","Metric tons,  thousand","396",""
"Israel","Oil shale - Transformation","2013","Metric tons,  thousand","421",""
"Israel","Oil shale - Transformation","2012","Metric tons,  thousand","423",""
"Israel","Oil shale - Transformation","2011","Metric tons,  thousand","416",""
"Israel","Oil shale - Transformation","2010","Metric tons,  thousand","432",""
"Israel","Oil shale - Transformation","2009","Metric tons,  thousand","444",""
"Israel","Oil shale - Transformation","2008","Metric tons,  thousand","427",""
"Israel","Oil shale - Transformation","2007","Metric tons,  thousand","429",""
"Israel","Oil shale - Transformation","2006","Metric tons,  thousand","452",""
"Israel","Oil shale - Transformation","2005","Metric tons,  thousand","429",""
"Israel","Oil shale - Transformation","2004","Metric tons,  thousand","439",""
"Israel","Oil shale - Transformation","2003","Metric tons,  thousand","437",""
"Israel","Oil shale - Transformation","2002","Metric tons,  thousand","458",""
"Israel","Oil shale - Transformation","2001","Metric tons,  thousand","415",""
"Israel","Oil shale - Transformation","2000","Metric tons,  thousand","456",""
"Israel","Oil shale - Transformation","1999","Metric tons,  thousand","496",""
"Israel","Oil shale - Transformation","1998","Metric tons,  thousand","471",""
"Israel","Oil shale - Transformation","1997","Metric tons,  thousand","472",""
"Israel","Oil shale - Transformation","1996","Metric tons,  thousand","421",""
"Israel","Oil shale - Transformation","1995","Metric tons,  thousand","470",""
"Israel","Oil shale - Transformation","1994","Metric tons,  thousand","381",""
"Israel","Oil shale - Transformation","1993","Metric tons,  thousand","399",""
"Israel","Oil shale - Transformation","1992","Metric tons,  thousand","355",""
"Israel","Oil shale - Transformation","1991","Metric tons,  thousand","336",""
"Israel","Oil shale - Transformation","1990","Metric tons,  thousand","303",""
"Israel","Oil shale - Transformation in electricity, CHP and heat plants","2020","Metric tons,  thousand","131.067",""
"Israel","Oil shale - Transformation in electricity, CHP and heat plants","2019","Metric tons,  thousand","154.64",""
"Israel","Oil shale - Transformation in electricity, CHP and heat plants","2018","Metric tons,  thousand","163.27",""
"Israel","Oil shale - Transformation in electricity, CHP and heat plants","2017","Metric tons,  thousand","449.107",""
"Israel","Oil shale - Transformation in electricity, CHP and heat plants","2016","Metric tons,  thousand","423",""
"Israel","Oil shale - Transformation in electricity, CHP and heat plants","2015","Metric tons,  thousand","420",""
"Israel","Oil shale - Transformation in electricity, CHP and heat plants","2014","Metric tons,  thousand","396",""
"Israel","Oil shale - Transformation in electricity, CHP and heat plants","2013","Metric tons,  thousand","421",""
"Israel","Oil shale - Transformation in electricity, CHP and heat plants","2012","Metric tons,  thousand","423",""
"Israel","Oil shale - Transformation in electricity, CHP and heat plants","2011","Metric tons,  thousand","416",""
"Israel","Oil shale - Transformation in electricity, CHP and heat plants","2010","Metric tons,  thousand","432",""
"Israel","Oil shale - Transformation in electricity, CHP and heat plants","2009","Metric tons,  thousand","444",""
"Israel","Oil shale - Transformation in electricity, CHP and heat plants","2008","Metric tons,  thousand","427",""
"Israel","Oil shale - Transformation in electricity, CHP and heat plants","2007","Metric tons,  thousand","429",""
"Israel","Oil shale - Transformation in electricity, CHP and heat plants","2006","Metric tons,  thousand","452",""
"Israel","Oil shale - Transformation in electricity, CHP and heat plants","2005","Metric tons,  thousand","429",""
"Israel","Oil shale - Transformation in electricity, CHP and heat plants","2004","Metric tons,  thousand","439",""
"Israel","Oil shale - Transformation in electricity, CHP and heat plants","2003","Metric tons,  thousand","437",""
"Israel","Oil shale - Transformation in electricity, CHP and heat plants","2002","Metric tons,  thousand","458",""
"Israel","Oil shale - Transformation in electricity, CHP and heat plants","2001","Metric tons,  thousand","415",""
"Israel","Oil shale - Transformation in electricity, CHP and heat plants","2000","Metric tons,  thousand","456",""
"Israel","Oil shale - Transformation in electricity, CHP and heat plants","1999","Metric tons,  thousand","496",""
"Israel","Oil shale - Transformation in electricity, CHP and heat plants","1998","Metric tons,  thousand","471",""
"Israel","Oil shale - Transformation in electricity, CHP and heat plants","1997","Metric tons,  thousand","472",""
"Israel","Oil shale - Transformation in electricity, CHP and heat plants","1996","Metric tons,  thousand","421",""
"Israel","Oil shale - Transformation in electricity, CHP and heat plants","1995","Metric tons,  thousand","470",""
"Israel","Oil shale - Transformation in electricity, CHP and heat plants","1994","Metric tons,  thousand","381",""
"Israel","Oil shale - Transformation in electricity, CHP and heat plants","1993","Metric tons,  thousand","399",""
"Israel","Oil shale - Transformation in electricity, CHP and heat plants","1992","Metric tons,  thousand","355",""
"Israel","Oil shale - Transformation in electricity, CHP and heat plants","1991","Metric tons,  thousand","336",""
"Israel","Oil shale - Transformation in electricity, CHP and heat plants","1990","Metric tons,  thousand","303",""
"Israel","Oil Shale - Transformation in electricity plants - main activity producers","2007","Metric tons,  thousand","256",""
"Israel","Oil Shale - Transformation in electricity plants - main activity producers","2006","Metric tons,  thousand","270",""
"Israel","Oil Shale - Transformation in electricity plants - main activity producers","2005","Metric tons,  thousand","256",""
"Israel","Oil Shale - Transformation in electricity plants - main activity producers","2004","Metric tons,  thousand","262",""
"Israel","Oil Shale - Transformation in electricity plants - main activity producers","2003","Metric tons,  thousand","261",""
"Israel","Oil Shale - Transformation in electricity plants - main activity producers","2002","Metric tons,  thousand","274",""
"Israel","Oil Shale - Transformation in electricity plants - main activity producers","2001","Metric tons,  thousand","248",""
"Israel","Oil Shale - Transformation in electricity plants - main activity producers","2000","Metric tons,  thousand","273",""
"Israel","Oil Shale - Transformation in electricity plants - main activity producers","1999","Metric tons,  thousand","315",""
"Israel","Oil Shale - Transformation in electricity plants - main activity producers","1998","Metric tons,  thousand","311",""
"Israel","Oil Shale - Transformation in electricity plants - main activity producers","1997","Metric tons,  thousand","472",""
"Israel","Oil Shale - Transformation in electricity plants - main activity producers","1996","Metric tons,  thousand","421",""
"Israel","Oil Shale - Transformation in electricity plants - main activity producers","1995","Metric tons,  thousand","470",""
"Israel","Oil Shale - Transformation in electricity plants - main activity producers","1994","Metric tons,  thousand","381",""
"Israel","Oil Shale - Transformation in electricity plants - main activity producers","1993","Metric tons,  thousand","399",""
"Israel","Oil Shale - Transformation in electricity plants - main activity producers","1992","Metric tons,  thousand","355",""
"Israel","Oil Shale - Transformation in electricity plants - main activity producers","1991","Metric tons,  thousand","336",""
"Israel","Oil Shale - Transformation in electricity plants - main activity producers","1990","Metric tons,  thousand","303",""
"Israel","Oil Shale - Transformation in electricity plants - autoproducers","2017","Metric tons,  thousand","449.107",""
"Israel","Oil Shale - Transformation in electricity plants - autoproducers","2016","Metric tons,  thousand","423",""
"Israel","Oil Shale - Transformation in electricity plants - autoproducers","2015","Metric tons,  thousand","420",""
"Israel","Oil Shale - Transformation in electricity plants - autoproducers","2014","Metric tons,  thousand","396",""
"Israel","Oil Shale - Transformation in electricity plants - autoproducers","2013","Metric tons,  thousand","421",""
"Israel","Oil Shale - Transformation in electricity plants - autoproducers","2012","Metric tons,  thousand","423",""
"Israel","Oil Shale - Transformation in electricity plants - autoproducers","2011","Metric tons,  thousand","416",""
"Israel","Oil Shale - Transformation in electricity plants - autoproducers","2010","Metric tons,  thousand","432",""
"Israel","Oil Shale - Transformation in electricity plants - autoproducers","2009","Metric tons,  thousand","444",""
"Israel","Oil Shale - Transformation in electricity plants - autoproducers","2008","Metric tons,  thousand","427",""
"Israel","Oil Shale - Transformation in electricity plants - autoproducers","2007","Metric tons,  thousand","173",""
"Israel","Oil Shale - Transformation in electricity plants - autoproducers","2006","Metric tons,  thousand","182",""
"Israel","Oil Shale - Transformation in electricity plants - autoproducers","2005","Metric tons,  thousand","173",""
"Israel","Oil Shale - Transformation in electricity plants - autoproducers","2004","Metric tons,  thousand","177",""
"Israel","Oil Shale - Transformation in electricity plants - autoproducers","2003","Metric tons,  thousand","176",""
"Israel","Oil Shale - Transformation in electricity plants - autoproducers","2002","Metric tons,  thousand","184",""
"Israel","Oil Shale - Transformation in electricity plants - autoproducers","2001","Metric tons,  thousand","167",""
"Israel","Oil Shale - Transformation in electricity plants - autoproducers","2000","Metric tons,  thousand","183",""
"Israel","Oil Shale - Transformation in electricity plants - autoproducers","1999","Metric tons,  thousand","181",""
"Israel","Oil Shale - Transformation in electricity plants - autoproducers","1998","Metric tons,  thousand","160",""
"Israel","Oil Shale - Transformation in CHP plants - autoproducers","2020","Metric tons,  thousand","131.067",""
"Israel","Oil Shale - Transformation in CHP plants - autoproducers","2019","Metric tons,  thousand","154.64",""
"Israel","Oil Shale - Transformation in CHP plants - autoproducers","2018","Metric tons,  thousand","163.27",""
"Israel","Oil Shale - Final energy consumption","2020","Metric tons,  thousand","261.923",""
"Israel","Oil Shale - Final energy consumption","2019","Metric tons,  thousand","248.141",""
"Israel","Oil Shale - Final energy consumption","2018","Metric tons,  thousand","251.31",""
"Israel","Oil Shale - Consumption by manufacturing, construction and non-fuel industry","2020","Metric tons,  thousand","261.923",""
"Israel","Oil Shale - Consumption by manufacturing, construction and non-fuel industry","2019","Metric tons,  thousand","248.141",""
"Israel","Oil Shale - Consumption by manufacturing, construction and non-fuel industry","2018","Metric tons,  thousand","251.31",""
"Israel","Oil shale - Consumption by other manuf., const. and non-fuel min. ind.","2020","Metric tons,  thousand","261.923",""
"Israel","Oil shale - Consumption by other manuf., const. and non-fuel min. ind.","2019","Metric tons,  thousand","248.141",""
"Israel","Oil shale - Consumption by other manuf., const. and non-fuel min. ind.","2018","Metric tons,  thousand","251.31",""
"Israel","Oil Shale - Consumption not elsewhere specified (industry)","2020","Metric tons,  thousand","261.923",""
"Israel","Oil Shale - Consumption not elsewhere specified (industry)","2019","Metric tons,  thousand","248.141",""
"Israel","Oil Shale - Consumption not elsewhere specified (industry)","2018","Metric tons,  thousand","251.31",""
"Israel","Oil shale - Total energy supply","2021","Metric tons,  thousand","430.84",""
"Israel","Oil shale - Total energy supply","2020","Metric tons,  thousand","392.99",""
"Israel","Oil shale - Total energy supply","2019","Metric tons,  thousand","402.781",""
"Israel","Oil shale - Total energy supply","2018","Metric tons,  thousand","414.58",""
"Israel","Oil shale - Total energy supply","2017","Metric tons,  thousand","449.107",""
"Israel","Oil shale - Total energy supply","2016","Metric tons,  thousand","423",""
"Israel","Oil shale - Total energy supply","2015","Metric tons,  thousand","420",""
"Israel","Oil shale - Total energy supply","2014","Metric tons,  thousand","396",""
"Israel","Oil shale - Total energy supply","2013","Metric tons,  thousand","421",""
"Israel","Oil shale - Total energy supply","2012","Metric tons,  thousand","423",""
"Israel","Oil shale - Total energy supply","2011","Metric tons,  thousand","416",""
"Israel","Oil shale - Total energy supply","2010","Metric tons,  thousand","432",""
"Israel","Oil shale - Total energy supply","2009","Metric tons,  thousand","444",""
"Israel","Oil shale - Total energy supply","2008","Metric tons,  thousand","427",""
"Israel","Oil shale - Total energy supply","2007","Metric tons,  thousand","429",""
"Israel","Oil shale - Total energy supply","2006","Metric tons,  thousand","452",""
"Israel","Oil shale - Total energy supply","2005","Metric tons,  thousand","429",""
"Israel","Oil shale - Total energy supply","2004","Metric tons,  thousand","439",""
"Israel","Oil shale - Total energy supply","2003","Metric tons,  thousand","437",""
"Israel","Oil shale - Total energy supply","2002","Metric tons,  thousand","458",""
"Israel","Oil shale - Total energy supply","2001","Metric tons,  thousand","415",""
"Israel","Oil shale - Total energy supply","2000","Metric tons,  thousand","390",""
"Israel","Oil shale - Total energy supply","1999","Metric tons,  thousand","495",""
"Israel","Oil shale - Total energy supply","1998","Metric tons,  thousand","471",""
"Israel","Oil shale - Total energy supply","1997","Metric tons,  thousand","472",""
"Israel","Oil shale - Total energy supply","1996","Metric tons,  thousand","421",""
"Israel","Oil shale - Total energy supply","1995","Metric tons,  thousand","470",""
"Israel","Oil shale - Total energy supply","1994","Metric tons,  thousand","381",""
"Israel","Oil shale - Total energy supply","1993","Metric tons,  thousand","399",""
"Israel","Oil shale - Total energy supply","1992","Metric tons,  thousand","355",""
"Israel","Oil shale - Total energy supply","1991","Metric tons,  thousand","336",""
"Israel","Oil shale - Total energy supply","1990","Metric tons,  thousand","303",""
"Israel","Oil Shale - Final consumption","2020","Metric tons,  thousand","261.923",""
"Israel","Oil Shale - Final consumption","2019","Metric tons,  thousand","248.141",""
"Israel","Oil Shale - Final consumption","2018","Metric tons,  thousand","251.31",""
"USSR (former)","Oil shale - Production","1991","Metric tons,  thousand","26000",""
"USSR (former)","Oil shale - Production","1990","Metric tons,  thousand","27042",""
"USSR (former)","Oil shale - Transformation","1991","Metric tons,  thousand","26000","1"
"USSR (former)","Oil shale - Transformation","1990","Metric tons,  thousand","27000","1"
"USSR (former)","Oil shale - Transformation in electricity, CHP and heat plants","1991","Metric tons,  thousand","23000","1"
"USSR (former)","Oil shale - Transformation in electricity, CHP and heat plants","1990","Metric tons,  thousand","23500","1"
"USSR (former)","Oil Shale - Other transformation","1991","Metric tons,  thousand","3000","1"
"USSR (former)","Oil Shale - Other transformation","1990","Metric tons,  thousand","3500","1"
"USSR (former)","Oil shale - Total energy supply","1991","Metric tons,  thousand","26000",""
"USSR (former)","Oil shale - Total energy supply","1990","Metric tons,  thousand","27042",""

"fnSeqID","Footnote"
"1","Estimate"
