"Country or Area","Commodity - Transaction","Year","Unit","Quantity","Quantity Footnotes"
"Canada","Electricity - total tide, wave production","2019","Kilowatt-hours, million","1",""
"Canada","Electricity - total tide, wave production","2018","Kilowatt-hours, million","20",""
"Canada","Electricity - total tide, wave production","2017","Kilowatt-hours, million","6",""
"Canada","Electricity - total tide, wave production","2016","Kilowatt-hours, million","19",""
"Canada","Electricity - total tide, wave production","2015","Kilowatt-hours, million","13",""
"Canada","Electricity - total tide, wave production","2014","Kilowatt-hours, million","16",""
"Canada","Electricity - total tide, wave production","2013","Kilowatt-hours, million","15",""
"Canada","Electricity - total tide, wave production","2012","Kilowatt-hours, million","27",""
"Canada","Electricity - total tide, wave production","2011","Kilowatt-hours, million","26",""
"Canada","Electricity - total tide, wave production","2010","Kilowatt-hours, million","28",""
"Canada","Electricity - total tide, wave production","2009","Kilowatt-hours, million","30",""
"Canada","Electricity - total tide, wave production","2008","Kilowatt-hours, million","15",""
"Canada","Electricity - total tide, wave production","2007","Kilowatt-hours, million","23",""
"Canada","Electricity - total tide, wave production","2006","Kilowatt-hours, million","19",""
"Canada","Electricity - total tide, wave production","2005","Kilowatt-hours, million","28",""
"Canada","Electricity - total tide, wave production","2004","Kilowatt-hours, million","31",""
"Canada","Electricity - total tide, wave production","2003","Kilowatt-hours, million","33",""
"Canada","Electricity - total tide, wave production","2002","Kilowatt-hours, million","32",""
"Canada","Electricity - total tide, wave production","2001","Kilowatt-hours, million","32",""
"Canada","Electricity - total tide, wave production","2000","Kilowatt-hours, million","32",""
"Canada","Electricity - total tide, wave production","1999","Kilowatt-hours, million","32",""
"Canada","Electricity - total tide, wave production","1998","Kilowatt-hours, million","32",""
"Canada","Electricity - total tide, wave production","1997","Kilowatt-hours, million","32",""
"Canada","Electricity - total tide, wave production","1996","Kilowatt-hours, million","32",""
"Canada","Electricity - total tide, wave production","1995","Kilowatt-hours, million","33",""
"Canada","Electricity - total tide, wave production","1994","Kilowatt-hours, million","33",""
"Canada","Electricity - total tide, wave production","1993","Kilowatt-hours, million","33",""
"Canada","Electricity - total tide, wave production","1992","Kilowatt-hours, million","33",""
"Canada","Electricity - total tide, wave production","1991","Kilowatt-hours, million","32",""
"Canada","Electricity - total tide, wave production","1990","Kilowatt-hours, million","26",""
"France","Electricity - total tide, wave production","2020","Kilowatt-hours, million","481.764",""
"France","Electricity - total tide, wave production","2019","Kilowatt-hours, million","478.964",""
"France","Electricity - total tide, wave production","2018","Kilowatt-hours, million","479.93",""
"France","Electricity - total tide, wave production","2017","Kilowatt-hours, million","521.706",""
"France","Electricity - total tide, wave production","2016","Kilowatt-hours, million","501",""
"France","Electricity - total tide, wave production","2015","Kilowatt-hours, million","487",""
"France","Electricity - total tide, wave production","2014","Kilowatt-hours, million","481",""
"France","Electricity - total tide, wave production","2013","Kilowatt-hours, million","414",""
"France","Electricity - total tide, wave production","2012","Kilowatt-hours, million","458",""
"France","Electricity - total tide, wave production","2011","Kilowatt-hours, million","477",""
"France","Electricity - total tide, wave production","2010","Kilowatt-hours, million","476",""
"France","Electricity - total tide, wave production","2009","Kilowatt-hours, million","448",""
"France","Electricity - total tide, wave production","2008","Kilowatt-hours, million","465",""
"France","Electricity - total tide, wave production","2007","Kilowatt-hours, million","465",""
"France","Electricity - total tide, wave production","2006","Kilowatt-hours, million","464",""
"France","Electricity - total tide, wave production","2005","Kilowatt-hours, million","481",""
"France","Electricity - total tide, wave production","2004","Kilowatt-hours, million","470",""
"France","Electricity - total tide, wave production","2003","Kilowatt-hours, million","490",""
"France","Electricity - total tide, wave production","2002","Kilowatt-hours, million","494",""
"France","Electricity - total tide, wave production","2001","Kilowatt-hours, million","485",""
"France","Electricity - total tide, wave production","2000","Kilowatt-hours, million","507",""
"France","Electricity - total tide, wave production","1999","Kilowatt-hours, million","515",""
"France","Electricity - total tide, wave production","1998","Kilowatt-hours, million","522",""
"France","Electricity - total tide, wave production","1997","Kilowatt-hours, million","510",""
"France","Electricity - total tide, wave production","1996","Kilowatt-hours, million","491",""
"France","Electricity - total tide, wave production","1995","Kilowatt-hours, million","507",""
"France","Electricity - total tide, wave production","1994","Kilowatt-hours, million","501",""
"France","Electricity - total tide, wave production","1993","Kilowatt-hours, million","494",""
"France","Electricity - total tide, wave production","1992","Kilowatt-hours, million","516",""
"France","Electricity - total tide, wave production","1991","Kilowatt-hours, million","517",""
"France","Electricity - total tide, wave production","1990","Kilowatt-hours, million","503",""
"Gibraltar","Electricity - total tide, wave production","2020","Kilowatt-hours, million","0.1","1"
"Gibraltar","Electricity - total tide, wave production","2019","Kilowatt-hours, million","0.1","1"
"Gibraltar","Electricity - total tide, wave production","2018","Kilowatt-hours, million","0.1","1"
"Gibraltar","Electricity - total tide, wave production","2017","Kilowatt-hours, million","0.1","1"
"Gibraltar","Electricity - total tide, wave production","2016","Kilowatt-hours, million","0.1","1"
"Korea, Republic of","Electricity - total tide, wave production","2020","Kilowatt-hours, million","457.263",""
"Korea, Republic of","Electricity - total tide, wave production","2019","Kilowatt-hours, million","474.321",""
"Korea, Republic of","Electricity - total tide, wave production","2018","Kilowatt-hours, million","485.353",""
"Korea, Republic of","Electricity - total tide, wave production","2017","Kilowatt-hours, million","489.466",""
"Korea, Republic of","Electricity - total tide, wave production","2016","Kilowatt-hours, million","496",""
"Korea, Republic of","Electricity - total tide, wave production","2015","Kilowatt-hours, million","496",""
"Korea, Republic of","Electricity - total tide, wave production","2014","Kilowatt-hours, million","492",""
"Korea, Republic of","Electricity - total tide, wave production","2013","Kilowatt-hours, million","484",""
"Portugal","Electricity - total tide, wave production","2017","Kilowatt-hours, million","0.006",""
"Spain","Electricity - total tide, wave production","2020","Kilowatt-hours, million","27",""
"Spain","Electricity - total tide, wave production","2019","Kilowatt-hours, million","20",""
"United Kingdom","Electricity - total tide, wave production","2020","Kilowatt-hours, million","11.278",""
"United Kingdom","Electricity - total tide, wave production","2019","Kilowatt-hours, million","13.991",""
"United Kingdom","Electricity - total tide, wave production","2018","Kilowatt-hours, million","9.298",""
"United Kingdom","Electricity - total tide, wave production","2017","Kilowatt-hours, million","4.194",""
"United Kingdom","Electricity - total tide, wave production","2016","Kilowatt-hours, million","0",""
"United Kingdom","Electricity - total tide, wave production","2015","Kilowatt-hours, million","2",""
"United Kingdom","Electricity - total tide, wave production","2014","Kilowatt-hours, million","2",""
"United Kingdom","Electricity - total tide, wave production","2013","Kilowatt-hours, million","5",""
"United Kingdom","Electricity - total tide, wave production","2012","Kilowatt-hours, million","4",""
"United Kingdom","Electricity - total tide, wave production","2011","Kilowatt-hours, million","1",""
"United Kingdom","Electricity - total tide, wave production","2010","Kilowatt-hours, million","2",""
"United Kingdom","Electricity - total tide, wave production","2009","Kilowatt-hours, million","1",""

"fnSeqID","Footnote"
"1","Estimate"
